s22/,andrew-johnson,Hawaii,"January 15-16, 2022",Regional Regatta,FJ,2 Divisions
s22/,jeff-simon-women-sunday,UC San Diego,"January 30, 2022",NOT ALLOWED  In-Conference Regatta,FJ,2 Divisions
s22/,jeff-simon-women,UC San Diego,"January 29, 2022",NOT ALLOWED  In-Conference Regatta,FJ,2 Divisions
s22/,jeff-simon-coed,UC San Diego,"January 29-30, 2022",NOT ALLOWED  In-Conference Regatta,FJ,2 Divisions
s22/,ashley-river,Citadel,"February 12, 2022",NOT ALLOWED  In-Conference Regatta,FJ,1 Division
s22/,cal-team-race,Berkeley,"February 12-13, 2022",NOT ALLOWED  Interconference Regatta,FJ,Team
s22/,harris-kempner,Texas A&M Galveston,"February 12-13, 2022",Regional Regatta,420,2 Divisions
s22/,south-collegiate-offshore,Charleston,"February 12-13, 2022",Cross Regional Regatta,Catalina 37,1 Division
s22/,south-colegiate-offshore-regatte-phrf,Charleston,"February 12-13, 2022",Cross Regional Regatta,Tartan 10,1 Division
s22/,bryson-women-fleet-race,Stanford,"February 20, 2022",NOT ALLOWED  In-Conference Regatta,FJ/Z420,2 Divisions
s22/,saisa-open,Eckerd,"February 19-20, 2022",NOT ALLOWED  In-Conference Regatta,FJ,2 Divisions
s22/,nelson-roltsch,Tulane,"February 19-20, 2022",Cross Regional Regatta,Z420,Team
s22/,usf-women-team-race,South Florida,"February 19, 2022",Cross Regional Regatta,FJ,Team
s22/,pccsc-women-team-race,Stanford,"February 19, 2022",Conference Championship Regatta,FJ,Team
s22/,q1-regatta,Texas,"February 26-27, 2022",NOT ALLOWED  In-Conference Regatta,FJ,Combined
s22/,north-points-uofsc,U South Carolina,"February 26, 2022",NOT ALLOWED  In-Conference Regatta,420,2 Divisions
s22/,saisa-south-points,Jacksonville,"February 26, 2022",NOT ALLOWED  In-Conference Regatta,FJ/Z420,2 Divisions
s22/,jeremy-mcintyre-team-race,Stanford,"February 26-27, 2022",Regional Regatta,FJ,Team
s22/,mendelblatt-team-race,South Florida,"February 26-27, 2022",Cross Regional Regatta,FJ,Team
s22/,pheobe-corckran-king-women-team-race,Charleston,"February 26-27, 2022",Cross Regional Regatta,420/FJ,Team
s22/,sharpe-team-race,Brown,"March 5-6, 2022",NOT ALLOWED  In-Conference Regatta,FJ,Team
s22/,women-team-race-harvard-mit,Harvard,"March 5-6, 2022",NOT ALLOWED  In-Conference Regatta,420/FJ,Team
s22/,mustang-open,Cal Poly,"March 5-6, 2022",NOT ALLOWED  In-Conference Regatta,FJ,2 Divisions
s22/,mustang-women,Cal Poly,"March 5-6, 2022",NOT ALLOWED  In-Conference Regatta,FJ,2 Divisions
s22/,hap-moore,Connecticut College,"March 5-6, 2022",NOT ALLOWED  In-Conference Regatta,FJ,Team
s22/,georgetown-team-race,George Washington/Georgetown,"March 5-6, 2022",NOT ALLOWED  In-Conference Regatta,FJ/Z420,Team
s22/,mcmerrick-cup,Roger Williams,"March 5-6, 2022",NOT ALLOWED  In-Conference Regatta,FJ,Team
s22/,saisa-sp,South Florida,"March 5, 2022",NOT ALLOWED  In-Conference Regatta,FJ,Combined
s22/,gw-team-race,George Washington/Georgetown,"March 5-6, 2022",NOT ALLOWED  In-Conference Regatta,FJ/Z420,Team
s22/,mccarthy-cup,Texas,"March 5, 2022",NOT ALLOWED  In-Conference Regatta,FJ,Team
s22/,rhody-riveter,Salve Regina,"March 5-6, 2022",NOT ALLOWED  In-Conference Regatta,FJ,Combined
s22/,tom-noble-team-race,Washington College,"March 5-6, 2022",NOT ALLOWED  In-Conference Regatta,FJ,Team
s22/,navy-team-race-invite,Navy,"March 5-6, 2022",NOT ALLOWED  In-Conference Regatta,Z420,Team
s22/,saisa-north-points,Clemson,"March 5, 2022",NOT ALLOWED  In-Conference Regatta,Z420,2 Divisions
s22/,odu-women,Old Dominion,"March 5-6, 2022",NOT ALLOWED  Interconference Regatta,FJ,Combined
s22/,eckerd,Eckerd,"March 5-6, 2022",Regional Regatta,FJ,2 Divisions
s22/,bob-bavier-team-race,Charleston,"March 5-6, 2022",Cross Regional Regatta,420/FJ,Team
s22/,green-wave-women-team-race,Tulane,"March 5-6, 2022",Cross Regional Regatta,Z420,Team
s22/,saisa-south-points-2022,Embry-Riddle,"March 13, 2022",NOT ALLOWED  In-Conference Regatta,FJ,2 Divisions
s22/,mit-team-race-invite,MIT,"March 12, 2022",NOT ALLOWED  In-Conference Regatta,FJ,Team
s22/,wood,Harvard,"March 12-13, 2022",NOT ALLOWED  Two-Conference Regatta,420,Team
s22/,rudkin-team-race,Roger Williams,"March 12-13, 2022",NOT ALLOWED  Interconference Regatta,FJ,Team
s22/,harbor-cup,Cal Maritime,"March 11-13, 2022",NOT ALLOWED  Interconference Regatta,Catalina 37,1 Division
s22/,john-jackson-team-race,Georgetown,"March 12-13, 2022",Cross Regional Regatta,FJ,Team
s22/,st-mary-team-race-interconference,St. Mary's,"March 12-13, 2022",Cross Regional Regatta,420/Z420,Team
s22/,charleston-spring,Charleston,"March 12-13, 2022",Cross Regional Regatta,FJ,2 Divisions
s22/,central-series,Mass Maritime,"March 20, 2022",NOT ALLOWED  In-Conference Regatta,FJ,2 Divisions
s22/,ivan-geiger-team-race,MIT,"March 19-20, 2022",NOT ALLOWED  In-Conference Regatta,FJ,Team
s22/,saisa-south-points-umiami,U. Miami,"March 19, 2022",NOT ALLOWED  In-Conference Regatta,420/FJ,2 Divisions
s22/,team-race-invite,Harvard,"March 19-20, 2022",NOT ALLOWED  In-Conference Regatta,FJ/Z420,Team
s22/,saisa-north-points-charleston,Charleston,"March 19, 2022",NOT ALLOWED  In-Conference Regatta,FJ,2 Divisions
s22/,washington-team-race,Washington College,"March 19-20, 2022",NOT ALLOWED  In-Conference Regatta,FJ,Team
s22/,pccsc-south-designate,Southern Cal,"March 19-20, 2022",NOT ALLOWED  In-Conference Regatta,FJ,2 Divisions
s22/,kings-point-team-race-invite,Kings Point,"March 19-20, 2022",NOT ALLOWED  In-Conference Regatta,FJ,Team
s22/,70-invite,Coast Guard,"March 19-20, 2022",NOT ALLOWED  Promotional Regatta,J-70,1 Division
s22/,south-new-england-team-race,Coast Guard,"March 19-20, 2022",Cross Regional Regatta,420/FJ,Team
s22/,2022-graham-hall-team-race,Navy,"March 19-20, 2022",Cross Regional Regatta,FJ/Z420,Team
s22/,st-mary-women-interconference,St. Mary's,"March 19-20, 2022",Cross Regional Regatta,420,2 Divisions
s22/,np6,UNC Wilmington,"March 27, 2022",NOT ALLOWED  In-Conference Regatta,420,2 Divisions
s22/,central-series-march-27,Mass Maritime,"March 27, 2022",NOT ALLOWED  In-Conference Regatta,FJ,2 Divisions
s22/,staake-team-race,MIT,"March 26-27, 2022",NOT ALLOWED  In-Conference Regatta,FJ,Team
s22/,boston-team-race,Boston University,"March 26-27, 2022",NOT ALLOWED  In-Conference Regatta,FJ,Team
s22/,rollins-south-points,Rollins,"March 26, 2022",NOT ALLOWED  In-Conference Regatta,FJ,Combined
s22/,harpswell-sound-team-race,Bowdoin,"March 26-27, 2022",NOT ALLOWED  In-Conference Regatta,420,Team
s22/,last-chance-women-team-race,Connecticut College,"March 26, 2022",NOT ALLOWED  In-Conference Regatta,FJ,Team
s22/,first-year-icebreaker,Notre Dame,"March 26-27, 2022",NOT ALLOWED  In-Conference Regatta,420,2 Divisions
s22/,hanbury,Christopher Newport,"March 26-27, 2022",NOT ALLOWED  Two-Conference Regatta,FJ,Combined
s22/,70-invitational,Coast Guard,"March 26-27, 2022",NOT ALLOWED  Promotional Regatta,J-70,1 Division
s22/,jan-friis-team-race,Roger Williams,"March 26-27, 2022",NOT ALLOWED  Interconference Regatta,420/FJ,Team
s22/,admiral-moore-team-race,NY Maritime,"March 26-27, 2022",NOT ALLOWED  Interconference Regatta,420,Team
s22/,connecticut-valley-dinghy,Coast Guard,"March 26-27, 2022",Regional Regatta,FJ,2 Divisions
s22/,joseph-duplin,Tufts,"March 26-27, 2022",Cross Regional Regatta,Lark,Team
s22/,seahawk-women-team-race-interconference,St. Mary's,"March 26-27, 2022",Cross Regional Regatta,420/FJ,Team
s22/,aaron-szambecki-team-race,Old Dominion,"March 26-27, 2022",Cross Regional Regatta,FJ/Z420,Team
s22/,sunday-salve-invite,Salve Regina,"April 3, 2022",NOT ALLOWED  In-Conference Regatta,FJ/Lark,2 Divisions
s22/,herring-pond-team-race,Mass Maritime,"April 3, 2022",NOT ALLOWED  In-Conference Regatta,FJ,Team
s22/,central-series-april,Mass Maritime,"April 2, 2022",NOT ALLOWED  In-Conference Regatta,FJ,Combined
s22/,yale-tr-connecticut,Yale,"April 2, 2022",NOT ALLOWED  In-Conference Regatta,FJ,Team
s22/,boston,Boston University,"April 2-3, 2022",NOT ALLOWED  In-Conference Regatta,FJ,2 Divisions
s22/,stony-brook-cup,Stony Brook,"April 2-3, 2022",NOT ALLOWED  In-Conference Regatta,FJ,2 Divisions
s22/,north-designate-st-francis,Cal Maritime,"April 2-3, 2022",NOT ALLOWED  In-Conference Regatta,FJ,2 Divisions
s22/,saturday-salve-invite,Salve Regina,"April 2, 2022",NOT ALLOWED  In-Conference Regatta,FJ,2 Divisions
s22/,jumbo-team-race,Tufts,"April 2-3, 2022",NOT ALLOWED  In-Conference Regatta,Lark,Team
s22/,laker-showdown,Grand Valley State,"April 2-3, 2022",NOT ALLOWED  In-Conference Regatta,420,2 Divisions
s22/,lake-virginia-invatational,Rollins,"April 2, 2022",NOT ALLOWED  In-Conference Regatta,FJ,Combined
s22/,big-ten-team-race,Michigan,"April 2-3, 2022",NOT ALLOWED  In-Conference Regatta,FJ,Team
s22/,spring-open,William and Mary,"April 2-3, 2022",NOT ALLOWED  In-Conference Regatta,FJ,2 Divisions
s22/,volunteer-open,Tennessee,"April 2, 2022",NOT ALLOWED  Two-Conference Regatta,420,2 Divisions
s22/,j70-invite,Coast Guard,"April 2-3, 2022",NOT ALLOWED  Promotional Regatta,J-70,1 Division
s22/,garner-tullis-team-race,Tulane,"April 2-3, 2022",Regional Regatta,Z420,Team
s22/,39th-lynne-marchiando,MIT,"April 2-3, 2022",Cross Regional Regatta,FJ,Team
s22/,saisa-women-team-racing,South Florida,"April 3, 2022",Conference Championship Regatta,FJ,Team
s22/,neisa-women-team-race-champs-dellenbaugh,Brown,"April 2-3, 2022",Conference Championship Regatta,FJ/Z420,Team
s22/,maisa-women-team-race,Georgetown,"April 2-3, 2022",Conference Championship Regatta,FJ,Team
s22/,mcsa-women-team-race,Northwestern,"April 2-3, 2022",Conference Championship Regatta,420,Team
s22/,saisa-women-spring-fleet-racing,South Florida,"April 2, 2022",Conference Championship Regatta,FJ,Combined
s22/,hoosier-daddy,Indiana,"April 9-10, 2022",NOT ALLOWED  In-Conference Regatta,420,2 Divisions
s22/,admiral-alymers,Mass Maritime,"April 9, 2022",NOT ALLOWED  In-Conference Regatta,FJ,Combined
s22/,south-fleet-race-ewenson,Rhode Island,"April 9-10, 2022",NOT ALLOWED  In-Conference Regatta,FJ,Combined
s22/,ne-dinghy-tourney,Maine Maritime,"April 9, 2022",NOT ALLOWED  In-Conference Regatta,420,Combined
s22/,halifax-river-invitational,Embry-Riddle,"April 9, 2022",NOT ALLOWED  In-Conference Regatta,FJ,Combined
s22/,jeremy-pinkerton,Maryland,"April 9-10, 2022",NOT ALLOWED  In-Conference Regatta,FJ,2 Divisions
s22/,west-li-sound-fleet-race-invite,Kings Point,"April 9, 2022",Scrimmage Regatta,420,1 Division
s22/,mystic-lake-tr,Tufts,"April 9-10, 2022",Fundamental Regatta,Lark,Team
s22/,camel-women-team-race,Connecticut College,"April 9-10, 2022",Cross Regional Regatta,Conn College FJ/FJ,Team
s22/,emily-wick,Coast Guard,"April 9-10, 2022",Cross Regional Regatta,FJ,2 Divisions
s22/,pccsc-open-dinghy-conference,UC Santa Barbara,"April 9-10, 2022",Conference Championship Regatta,FJ,2 Divisions
s22/,saisa-coed-fleet-race-championships,Charleston,"April 9-10, 2022",Conference Championship Regatta,420,2 Divisions
s22/,seisa-open-team-race,Tulane,"April 9, 2022",Conference Championship Regatta,Z420,Team
s22/,mcsa-open-fleet-race,Wisconsin,"April 9-10, 2022",Conference Championship Regatta,420,2 Divisions
s22/,seisa-women-team-race,Tulane,"April 9, 2022",Conference Championship Regatta,Z420,Team
s22/,2022-neisa-team-race,Harvard,"April 9-10, 2022",Conference Championship Regatta,420/FJ,Team
s22/,prosser-maisa-team-race,Navy,"April 9-10, 2022",Conference Championship Regatta,Z420,Team
s22/,saisa-coed-team-race-championships,Charleston,"April 9, 2022",Conference Championship Regatta,420/FJ,Team
s22/,mcsa-open-team-race-qualifier,Wisconsin,"April 8-9, 2022",Conference Championship Regatta,420,Team
s22/,carter-ford-pccsc-open-team-race,UC Santa Barbara,"April 8-9, 2022",Conference Championship Regatta,FJ/Z420,Team
s22/,central-series-four,Tufts,"April 17, 2022",NOT ALLOWED  In-Conference Regatta,Lark,2 Divisions
s22/,island-cup,Western Washington,"April 16-17, 2022",NOT ALLOWED  In-Conference Regatta,FJ,Team
s22/,priddy,Rhode Island,"April 16, 2022",NOT ALLOWED  In-Conference Regatta,FJ,1 Division
s22/,mma-420-invite,Maine Maritime,"April 16, 2022",NOT ALLOWED  In-Conference Regatta,420,Combined
s22/,mma-colgate-invite,Maine Maritime,"April 16, 2022",NOT ALLOWED  In-Conference Regatta,Colgate 26,1 Division
s22/,grant,Washington College,"April 16-17, 2022",NOT ALLOWED  In-Conference Regatta,FJ,2 Divisions
s22/,oxford-fleet-race,Miami University,"April 16, 2022",NOT ALLOWED  In-Conference Regatta,FJ,2 Divisions
s22/,buckeye-interconference,Ohio State,"April 16-17, 2022",NOT ALLOWED  In-Conference Regatta,420,2 Divisions
s22/,gt-j24-spring-invitational,Georgia Tech,"April 16, 2022",NOT ALLOWED  Promotional Regatta,J-22,1 Division
s22/,thompson-throphy,Connecticut College,"April 16-17, 2022",NOT ALLOWED  Interconference Regatta,FJ,3 Divisions
s22/,owen-mosbacher-knapp,Kings Point,"April 16-17, 2022",Regional Regatta,420,Combined
s22/,spring-oberg,Northeastern,"April 16-17, 2022",Cross Regional Regatta,FJ,3 Divisions
s22/,navy-spring,Navy,"April 16-17, 2022",Cross Regional Regatta,Z420,2 Divisions
s22/,2022-womens-pccs,Hawaii,"April 16-17, 2022",Conference Championship Regatta,FJ,2 Divisions
s22/,maisa-spring-women,Cornell,"April 16-17, 2022",Conference Championship Regatta,420/FJ,2 Divisions
s22/,mcsa-women-fleet-race,Michigan,"April 16-17, 2022",Conference Championship Regatta,FJ,2 Divisions
s22/,neisa-women,Bowdoin,"April 16-17, 2022",Conference Championship Regatta,FJ,2 Divisions
s22/,otoole,Mass Maritime,"April 23-24, 2022",NOT ALLOWED  In-Conference Regatta,FJ,2 Divisions
s22/,hammer-showdown,Purdue,"April 23-24, 2022",NOT ALLOWED  In-Conference Regatta,420,2 Divisions
s22/,anteater-open,UC Irvine,"April 23-24, 2022",NOT ALLOWED  In-Conference Regatta,FJ,2 Divisions
s22/,delaware-spring-open,Delaware,"April 23-24, 2022",NOT ALLOWED  In-Conference Regatta,FJ,2 Divisions
s22/,gw-invite,George Washington,"April 23-24, 2022",NOT ALLOWED  In-Conference Regatta,Z420,Combined
s22/,george-morris,Boston University,"April 23-24, 2022",NOT ALLOWED  Interconference Regatta,FJ,2 Divisions
s22/,rainier-cup,Western Washington,"April 23-24, 2022",NOT ALLOWED  Interconference Regatta,FJ,2 Divisions
s22/,rainier-cup-jv,Western Washington,"April 23-24, 2022",NOT ALLOWED  Interconference Regatta,FJ,2 Divisions
s22/,admirals-cup,Kings Point,"April 23-24, 2022",NOT ALLOWED  Interconference Regatta,FJ,2 Divisions
s22/,sailpack-oriental-intercollegiate,North Carolina State,"April 23-24, 2022",NOT ALLOWED  Interconference Regatta,FJ,2 Divisions
s22/,84th-boston-dinghy-club-challenge-cup,MIT,"April 23-24, 2022",Cross Regional Regatta,FJ,3 Divisions
s22/,women-team-race-national,Brown,"April 23-24, 2022",National Championship Finals Regatta,FJ/Z420,Team
s22/,robert-arrigan,Georgetown,"April 30, 2022",NOT ALLOWED  In-Conference Regatta,FJ,Combined
s22/,wesleyan-invite,Wesleyan,"April 30, 2022",NOT ALLOWED  In-Conference Regatta,FJ,1 Division
s22/,cream-city-classic,Marquette,"April 30 - May 1, 2022",NOT ALLOWED  In-Conference Regatta,420,2 Divisions
s22/,nwicsa-championships-jv,Oregon,"April 30 - May 1, 2022",NOT ALLOWED  In-Conference Regatta,FJ,Combined
s22/,south-fleet-race,Rhode Island,"April 30, 2022",Fundamental Regatta,FJ,Combined
s22/,2022-sailing-regional-teams-national-invit,New Hampshire,"April 30 - May 1, 2022",Regional Regatta,FJ,2 Divisions
s22/,new-england-dinghy-cg-alumni,MIT,"April 30 - May 1, 2022",Conference Championship Regatta,FJ/Z420,2 Divisions
s22/,nwicsa-championships,Oregon,"April 30 - May 1, 2022",Conference Championship Regatta,FJ,Combined
s22/,america-maisa-open-dinghy-championships,Kings Point,"April 30 - May 1, 2022",Conference Championship Regatta,FJ,2 Divisions
s22/,drexel-open,Drexel,"May 8, 2022",NOT ALLOWED  In-Conference Regatta,FJ,2 Divisions
s22/,tommie-cup,Saint Thomas,"May 7-8, 2022",NOT ALLOWED  In-Conference Regatta,Z420,Combined
s22/,nu-spring,Northwestern,"May 7-8, 2022",NOT ALLOWED  In-Conference Regatta,420,2 Divisions
s22/,gorge-invite,Portland State,"May 7-8, 2022",NOT ALLOWED  Interconference Regatta,FJ,2 Divisions
s22/,engineer-cup,Webb Institute,"May 14-15, 2022",Fundamental Regatta,420,2 Divisions
s22/,sailing-open-semi-finals,Tulane,"May 19-20, 2022",National Championship Semifina Regatta,FJ/Z420,2 Divisions
s22/,sailing-open-east-semi-final,Tulane,"May 19-20, 2022",National Championship Semifina Regatta,FJ/Z420,2 Divisions
s22/,sailing-dinghy-national,Tulane,"May 21-22, 2022",National Championship Finals Regatta,Z420,2 Divisions
s22/,sailing-team-race-national,Tulane,"May 16-18, 2022",National Championship Finals Regatta,FJ/Z420,Team
s22/,sailing-women-east-semi-finals,Tulane,"May 23-24, 2022",National Championship Semifina Regatta,Z420,2 Divisions
s22/,sailing-women-west-semis,Tulane,"May 23-24, 2022",National Championship Semifina Regatta,FJ,2 Divisions
s22/,sailing-womens-national,Tulane,"May 25-26, 2022",National Championship Finals Regatta,Z420,2 Divisions
f22/,saisa-north-fall-tournament,UNC Wilmington,"September 11, 2022",NOT ALLOWED  In-Conference Regatta,420,2 Divisions
f22/,bears-invite,Brown,"September 10, 2022",NOT ALLOWED  In-Conference Regatta,FJ,1 Division
f22/,2022-pine,Coast Guard,"September 10-11, 2022",NOT ALLOWED  In-Conference Regatta,J-70,1 Division
f22/,harry-anderson-jr,Yale,"September 10-11, 2022",NOT ALLOWED  In-Conference Regatta,Z420,2 Divisions
f22/,tufts-invite,Tufts,"September 10, 2022",NOT ALLOWED  In-Conference Regatta,Lark,Combined
f22/,pen-bay-open,Maine Maritime,"September 10-11, 2022",NOT ALLOWED  In-Conference Regatta,420,Combined
f22/,harman,Maine Maritime,"September 10-11, 2022",NOT ALLOWED  In-Conference Regatta,Colgate 26,1 Division
f22/,mt-hope-bay-invite,Roger Williams,"September 10-11, 2022",NOT ALLOWED  In-Conference Regatta,FJ,2 Divisions
f22/,toni-deutsch-58,MIT,"September 10-11, 2022",NOT ALLOWED  In-Conference Regatta,420,2 Divisions
f22/,saisa-top-invite,Charleston,"September 10-11, 2022",NOT ALLOWED  In-Conference Regatta,FJ,Combined
f22/,acton-up,Miami University,"September 10-11, 2022",NOT ALLOWED  In-Conference Regatta,FJ,2 Divisions
f22/,saisa-south-fall-tournament,Rollins,"September 10, 2022",NOT ALLOWED  In-Conference Regatta,FJ,2 Divisions
f22/,harvard-invitational,Harvard,"September 10, 2022",NOT ALLOWED  In-Conference Regatta,FJ,1 Division
f22/,charles-invitational,Harvard,"September 10, 2022",NOT ALLOWED  In-Conference Regatta,420,Combined
f22/,kings-point-women,Kings Point,"September 10-11, 2022",Fundamental Regatta,FJ,Combined
f22/,laser-south,Navy,"September 10-11, 2022",Fundamental Regatta,Laser,Singlehanded
f22/,laser-north-qualifier,Kings Point,"September 10-11, 2022",Fundamental Regatta,Laser,Singlehanded
f22/,riley-cup,Old Dominion,"September 10-11, 2022",Fundamental Regatta,FJ,2 Divisions
f22/,kings-point-open-invite,Kings Point,"September 10-11, 2022",Fundamental Regatta,420,Combined
f22/,philly-fleet-race,Drexel,"September 10-11, 2022",Fundamental Regatta,Z420,2 Divisions
f22/,fall-fury,Wisconsin,"September 10-11, 2022",Regional Regatta,420,2 Divisions
f22/,navy-women,Navy,"September 10-11, 2022",Cross Regional Regatta,Z420,Combined
f22/,yale-z420,Yale,"September 17, 2022",NOT ALLOWED  In-Conference Regatta,Z420,1 Division
f22/,yale,Yale,"September 17, 2022",NOT ALLOWED  In-Conference Regatta,FJ,1 Division
f22/,hatch-brown,MIT,"September 17, 2022",NOT ALLOWED  In-Conference Regatta,FJ,3 Divisions
f22/,regis,Boston University,"September 17, 2022",NOT ALLOWED  In-Conference Regatta,FJ,2 Divisions
f22/,neisa-fundamental-symposium,Tufts,"September 17, 2022",NOT ALLOWED  In-Conference Regatta,Lark,2 Divisions
f22/,saisa-south-top-invite,U. Miami,"September 17, 2022",NOT ALLOWED  In-Conference Regatta,420,Combined
f22/,boudeman-cup,Western Michigan,"September 17-18, 2022",NOT ALLOWED  In-Conference Regatta,420,2 Divisions
f22/,john-quinn,Monmouth,"September 17-18, 2022",NOT ALLOWED  In-Conference Regatta,FJ,2 Divisions
f22/,barnett,Bowdoin,"September 17, 2022",NOT ALLOWED  In-Conference Regatta,420,2 Divisions
f22/,chesapeake-invitational,Navy,"September 17-18, 2022",NOT ALLOWED  In-Conference Regatta,Z420,Combined
f22/,mcsa-sloop,Hillsdale,"September 17-18, 2022",NOT ALLOWED  In-Conference Regatta,Flying Scot,1 Division
f22/,david-van-cleef,U South Carolina,"September 17, 2022",NOT ALLOWED  In-Conference Regatta,420,2 Divisions
f22/,saisa-north-top-invite,Georgia Tech,"September 17, 2022",NOT ALLOWED  In-Conference Regatta,420,2 Divisions
f22/,buckeye-invitational,Ohio State,"September 17-18, 2022",NOT ALLOWED  In-Conference Regatta,420,2 Divisions
f22/,saisa-south-usf,South Florida,"September 17, 2022",NOT ALLOWED  In-Conference Regatta,FJ,Combined
f22/,big-red-invite,Cornell,"September 17-18, 2022",Fundamental Regatta,420,1 Division
f22/,jack-boehringer-52,Cornell,"September 17-18, 2022",Fundamental Regatta,FJ,Combined
f22/,battle-lake-erie,Gannon,"September 17-18, 2022",Fundamental Regatta,420,2 Divisions
f22/,kingsmill-cup,William and Mary,"September 17-18, 2022",Fundamental Regatta,FJ,2 Divisions
f22/,troy-swetnam-2022,Texas A&M Galveston,"September 17-18, 2022",Fundamental Regatta,420,2 Divisions
f22/,shields,Navy,"September 17-18, 2022",Cross Regional Regatta,Navy 44,1 Division
f22/,seisa-match-race,Tulane,"September 18, 2022",Conference Championship Regatta,J-22,1 Division
f22/,montotype-neisa-singlehanded,Brown,"September 17-18, 2022",Conference Championship Regatta,Laser,Singlehanded
f22/,neisa-women-singlehanded,Brown,"September 17-18, 2022",Conference Championship Regatta,Radial,Singlehanded
f22/,seisa-singlehanded-champs,Tulane,"September 17-18, 2022",Conference Championship Regatta,Laser,Singlehanded
f22/,faye-bennet-maisa-women-singles,Navy,"September 17-18, 2022",Conference Championship Regatta,Radial,Singlehanded
f22/,women-mcsa-singlehanded-qualifiers,Wisconsin,"September 17, 2022",Conference Championship Regatta,Laser,Singlehanded
f22/,seisa-women-singlehanded,Tulane,"September 17, 2022",Conference Championship Regatta,Radial,Singlehanded
f22/,men-mcsa-singlehanded-qualifiers,Wisconsin,"September 17, 2022",Conference Championship Regatta,Laser,Singlehanded
f22/,saisa-women-singlehanded,Embry-Riddle,"September 17, 2022",Conference Championship Regatta,Radial,Singlehanded
f22/,saisa-open-singlehanded,Embry-Riddle,"September 17-18, 2022",Conference Championship Regatta,Laser,Singlehanded
f22/,sherman-hoyt,Brown,"September 24-25, 2022",NOT ALLOWED  In-Conference Regatta,FJ,2 Divisions
f22/,tech-dinghy-invitational,MIT,"September 24, 2022",NOT ALLOWED  In-Conference Regatta,Tech (single),Singlehanded
f22/,hood,Tufts,"September 24-25, 2022",NOT ALLOWED  In-Conference Regatta,Lark,2 Divisions
f22/,salt-pond-invite,Rhode Island,"September 24-25, 2022",NOT ALLOWED  In-Conference Regatta,FJ,2 Divisions
f22/,saisa-miami,U. Miami,"September 24, 2022",NOT ALLOWED  In-Conference Regatta,FJ,2 Divisions
f22/,mrs-hurst-bowl,Dartmouth,"September 24-25, 2022",NOT ALLOWED  In-Conference Regatta,Z420,2 Divisions
f22/,harvard-420-invitational,Harvard,"September 24, 2022",NOT ALLOWED  In-Conference Regatta,420,Combined
f22/,callagy-ross,Vermont,"September 24-25, 2022",NOT ALLOWED  In-Conference Regatta,FJ,2 Divisions
f22/,saisa-fall-women-open,North Carolina State,"September 24, 2022",NOT ALLOWED  In-Conference Regatta,FJ,2 Divisions
f22/,harvard-fj-invitational,Harvard,"September 24, 2022",NOT ALLOWED  In-Conference Regatta,FJ,1 Division
f22/,richard-ross-bowl,Tufts,"September 24, 2022",NOT ALLOWED  In-Conference Regatta,Rhodes,1 Division
f22/,ashley-river,Citadel,"September 24, 2022",NOT ALLOWED  In-Conference Regatta,420,2 Divisions
f22/,princeton-fall-open,Princeton,"September 24-25, 2022",Fundamental Regatta,420,2 Divisions
f22/,cazenovia-fall-open,Syracuse,"September 24-25, 2022",Fundamental Regatta,FJ,2 Divisions
f22/,top-open,Cornell,"September 24-25, 2022",Fundamental Regatta,FJ,Combined
f22/,oyster-bowl-women,St. Mary's,"September 24-25, 2022",Fundamental Regatta,FJ,Combined
f22/,oyster-bowl,St. Mary's,"September 24-25, 2022",Fundamental Regatta,420,Combined
f22/,top-women-susan-rogers-75,Cornell,"September 24-25, 2022",Fundamental Regatta,420,Combined
f22/,coho,Stony Brook,"September 24-25, 2022",Fundamental Regatta,FJ,2 Divisions
f22/,sugar-bowl-women,Tulane,"September 24-25, 2022",Regional Regatta,420,Combined
f22/,webb-wollum,Christopher Newport,"September 24-25, 2022",Regional Regatta,FJ,Combined
f22/,sugar-bowl-open,Tulane,"September 24-25, 2022",Regional Regatta,420,Combined
f22/,maisa-match-race,Kings Point,"September 24-25, 2022",Conference Championship Regatta,Sonar,Team
f22/,saisa-match-race,Charleston,"September 24, 2022",Conference Championship Regatta,J-22,Team
f22/,pccsc-open-singlehanded,UC Santa Barbara,"September 24-25, 2022",Conference Championship Regatta,Laser,Singlehanded
f22/,pccsc-women-singlehanded,UC Santa Barbara,"September 24-25, 2022",Conference Championship Regatta,Radial,Singlehanded
f22/,tiger-town,Clemson,"October 2, 2022",NOT ALLOWED  In-Conference Regatta,420,2 Divisions
f22/,george-warren-smith,MIT,"October 1, 2022",NOT ALLOWED  In-Conference Regatta,420,2 Divisions
f22/,lark-invite,Tufts,"October 1-2, 2022",NOT ALLOWED  In-Conference Regatta,Lark,2 Divisions
f22/,pere-marquette,Marquette,"October 1-2, 2022",NOT ALLOWED  In-Conference Regatta,420,2 Divisions
f22/,mccurdy,Delaware,"October 1-2, 2022",NOT ALLOWED  In-Conference Regatta,FJ,2 Divisions
f22/,bowdoin-weekday-invite,Bowdoin,"September 30, 2022",NOT ALLOWED  In-Conference Regatta,FJ,1 Division
f22/,mcgill-cup,McGill,"October 1-2, 2022",Fundamental Regatta,420,2 Divisions
f22/,kilpatrick,Central Oklahoma,"October 1-2, 2022",Fundamental Regatta,420,2 Divisions
f22/,shu,Sacred Heart,"October 1-2, 2022",Regional Regatta,Z420,2 Divisions
f22/,moody,Rhode Island,"October 1-2, 2022",Regional Regatta,FJ,2 Divisions
f22/,new-york-maritime-fall-open,NY Maritime,"October 1-2, 2022",Regional Regatta,420,2 Divisions
f22/,cary-price,Michigan,"October 1-2, 2022",Cross Regional Regatta,FJ,2 Divisions
f22/,danmark,Coast Guard,"October 1-2, 2022",Cross Regional Regatta,420,2 Divisions
f22/,women-acc-round-1b,Brown,"October 1-2, 2022",Showcase Regatta,FJ,2 Divisions
f22/,women-acc-series-round-1a,Boston College,"October 1-2, 2022",Showcase Regatta,FJ,2 Divisions
f22/,carl-van-duyne-maisa-singles,Navy,"October 1-2, 2022",Conference Championship Regatta,Laser,Singlehanded
f22/,protest-cup,Bates,"October 9, 2022",NOT ALLOWED  In-Conference Regatta,FJ,Combined
f22/,stoney-burke-women-varsity,Berkeley,"October 8-9, 2022",NOT ALLOWED  In-Conference Regatta,FJ,2 Divisions
f22/,stoney-burke-jv,Berkeley,"October 8-9, 2022",NOT ALLOWED  In-Conference Regatta,FJ,2 Divisions
f22/,great-herring-pond-open,Mass Maritime,"October 8-9, 2022",NOT ALLOWED  In-Conference Regatta,FJ,2 Divisions
f22/,sister-esther-open,Salve Regina,"October 8-9, 2022",NOT ALLOWED  In-Conference Regatta,Lark,2 Divisions
f22/,meyhoefer-cup,Georgia Tech,"October 8, 2022",NOT ALLOWED  In-Conference Regatta,420,2 Divisions
f22/,eckerd,Eckerd,"October 8, 2022",NOT ALLOWED  In-Conference Regatta,FJ,2 Divisions
f22/,kingfisher,Illinois,"October 8-9, 2022",NOT ALLOWED  In-Conference Regatta,420,2 Divisions
f22/,hoosier-mama,Indiana,"October 8-9, 2022",NOT ALLOWED  In-Conference Regatta,420,2 Divisions
f22/,tom-curtis,Georgetown,"October 8, 2022",Fundamental Regatta,FJ,1 Division
f22/,jesuit-invite,Fordham,"October 8, 2022",Fundamental Regatta,Z420,1 Division
f22/,rock-chalk,Kansas,"October 8-9, 2022",Fundamental Regatta,420,2 Divisions
f22/,hewitt,Bowdoin,"October 8, 2022",Regional Regatta,420,2 Divisions
f22/,stoney-burke-co-ed-varsity,Berkeley,"October 8-9, 2022",Cross Regional Regatta,FJ,2 Divisions
f22/,stu-nelson,Connecticut College,"October 8-9, 2022",Cross Regional Regatta,FJ,3 Divisions
f22/,atlantic-coast-open-dinghy-championships,St. Mary's,"October 8-9, 2022",Showcase Regatta,420,2 Divisions
f22/,open-atlantic-coast-dinghy-championships-round,Kings Point,"October 8-9, 2022",Showcase Regatta,420,2 Divisions
f22/,mass-maritime-invite,Mass Maritime,"October 16, 2022",NOT ALLOWED  In-Conference Regatta,FJ,2 Divisions
f22/,cascadia-cup-gold,Washington,"October 15-16, 2022",NOT ALLOWED  In-Conference Regatta,FJ,2 Divisions
f22/,rebecca-blank,Northwestern,"October 15-16, 2022",NOT ALLOWED  In-Conference Regatta,420,2 Divisions
f22/,savin-hill-invite,Boston College,"October 15, 2022",NOT ALLOWED  In-Conference Regatta,FJ,2 Divisions
f22/,saisa-fall-2v2-team-race,Embry-Riddle,"October 15, 2022",NOT ALLOWED  In-Conference Regatta,FJ,Team
f22/,boiler-cup,Purdue,"October 15-16, 2022",NOT ALLOWED  In-Conference Regatta,420,2 Divisions
f22/,cascadia-cup-silver,Washington,"October 15-16, 2022",NOT ALLOWED  In-Conference Regatta,FJ,2 Divisions
f22/,emma-2022,Hope,"October 15-16, 2022",NOT ALLOWED  In-Conference Regatta,420,2 Divisions
f22/,stony-brook-fall-open,Stony Brook,"October 15-16, 2022",Fundamental Regatta,FJ,2 Divisions
f22/,washington-fall-open,Washington College,"October 15-16, 2022",Fundamental Regatta,FJ,2 Divisions
f22/,sodus-bay-open,Rochester,"October 15-16, 2022",Fundamental Regatta,420,2 Divisions
f22/,triangle-tango-intercollegiate,North Carolina State,"October 15-16, 2022",Regional Regatta,FJ,2 Divisions
f22/,jefferson-cup,Virginia,"October 15-16, 2022",Regional Regatta,FJ,2 Divisions
f22/,david-lee-arnoff,Hobart & William,"October 15-16, 2022",Regional Regatta,420,Combined
f22/,kathryn-hammond,Texas,"October 15-16, 2022",Regional Regatta,FJ,2 Divisions
f22/,31st-captain-hurst-bowl,Dartmouth,"October 15-16, 2022",Cross Regional Regatta,420,3 Divisions
f22/,2022-truxtun-umsted,Navy,"October 15-16, 2022",Cross Regional Regatta,Z420,2 Divisions
f22/,women-atlantic-coast-dinghy-finals,Kings Point,"October 15-16, 2022",Showcase Regatta,420,2 Divisions
f22/,women-atlantic-coast-dinghy-tournament,NY Maritime,"October 15-16, 2022",Showcase Regatta,420,2 Divisions
f22/,pccsc-match-race-conference,Stanford,"October 15-16, 2022",Conference Championship Regatta,Match Race 3-4,Team
f22/,neisa-match-race,Coast Guard,"October 15-16, 2022",Conference Championship Regatta,J-70,1 Division
f22/,mcsa-match-race,Wisconsin,"October 14, 2022",Conference Championship Regatta,Tartan 10,1 Division
f22/,franklin-lane,Tufts,"October 23, 2022",NOT ALLOWED  In-Conference Regatta,Lark,Team
f22/,ucsd-frosh-soph,UC San Diego,"October 22-23, 2022",NOT ALLOWED  In-Conference Regatta,FJ,2 Divisions
f22/,greater-boston-solo,Northeastern,"October 22, 2022",NOT ALLOWED  In-Conference Regatta,Tech (single),Singlehanded
f22/,ucsd-open,UC San Diego,"October 22-23, 2022",NOT ALLOWED  In-Conference Regatta,FJ,2 Divisions
f22/,outlaw,Oregon,"October 22-23, 2022",NOT ALLOWED  In-Conference Regatta,FJ,2 Divisions
f22/,norman-reid-team-race,Boston College,"October 22, 2022",NOT ALLOWED  In-Conference Regatta,420,Team
f22/,carin-streufert,Minnesota,"October 22-23, 2022",NOT ALLOWED  In-Conference Regatta,Z420,2 Divisions
f22/,saisa-fall-women-sprint,Florida Tech,"October 22, 2022",NOT ALLOWED  In-Conference Regatta,FJ,1 Division
f22/,wisco-womens,Wisconsin,"October 22-23, 2022",NOT ALLOWED  In-Conference Regatta,420,2 Divisions
f22/,chris-loder,New Hampshire,"October 22-23, 2022",NOT ALLOWED  In-Conference Regatta,FJ,2 Divisions
f22/,lake-virginia-invitational,Rollins,"October 22-23, 2022",NOT ALLOWED  In-Conference Regatta,FJ,2 Divisions
f22/,cedarfest,Michigan State,"October 22-23, 2022",NOT ALLOWED  In-Conference Regatta,420,2 Divisions
f22/,yale-women-interconference,Yale,"October 22-23, 2022",NOT ALLOWED  Interconference Regatta,420,2 Divisions
f22/,luce,Washington College,"October 22-23, 2022",Fundamental Regatta,FJ,2 Divisions
f22/,seneca-showdown,Hobart & William,"October 22, 2022",Fundamental Regatta,420,1 Division
f22/,baldwin-wood,Tulane,"October 22, 2022",Fundamental Regatta,420,Combined
f22/,oberg,Northeastern,"October 22-23, 2022",Regional Regatta,FJ,3 Divisions
f22/,2022-mcmillan-cup,Navy,"October 22-23, 2022",Cross Regional Regatta,Navy 44,1 Division
f22/,open-atlantic-coast-tournament,Connecticut College,"October 22-23, 2022",Showcase Regatta,FJ,2 Divisions
f22/,open-atlantic-coast-championships-final,Coast Guard,"October 22-23, 2022",Showcase Regatta,420,2 Divisions
f22/,new-england-fall-dinghy-tournament,New Hampshire,"October 29-30, 2022",NOT ALLOWED  In-Conference Regatta,FJ,2 Divisions
f22/,cc-invite,Connecticut College,"October 29, 2022",NOT ALLOWED  In-Conference Regatta,FJ,Combined
f22/,dave-perry,Yale,"October 29, 2022",NOT ALLOWED  In-Conference Regatta,FJ,Team
f22/,dark-night,Tufts,"October 27, 2022",NOT ALLOWED  In-Conference Regatta,Lark,2 Divisions
f22/,nickerson,Tufts,"October 29-30, 2022",NOT ALLOWED  Interconference Regatta,Lark,2 Divisions
f22/,day-2pccsc-fall-women-fleet-race,Stanford,"October 30, 2022",Conference Championship Regatta,FJ,Combined
f22/,saisa-fall-open,Rollins,"October 29-30, 2022",Conference Championship Regatta,FJ,2 Divisions
f22/,victorian-urn,Brown,"October 29-30, 2022",Conference Championship Regatta,FJ,2 Divisions
f22/,pccsc-fall-women-fleet-race-day,Stanford,"October 29, 2022",Conference Championship Regatta,FJ,Combined
f22/,seisa-fall-open,Texas,"October 29-30, 2022",Conference Championship Regatta,FJ,2 Divisions
f22/,schell,Coast Guard,"October 29-30, 2022",Conference Championship Regatta,420,2 Divisions
f22/,maisa-fall-women,Navy,"October 29, 2022",Conference Championship Regatta,FJ/Z420,2 Divisions
f22/,war,NY Maritime,"October 29-30, 2022",Conference Championship Regatta,Z420,2 Divisions
f22/,seisa-fall-women,Texas,"October 29-30, 2022",Conference Championship Regatta,FJ,Combined
f22/,saisa-women,Rollins,"October 28-29, 2022",Conference Championship Regatta,FJ,2 Divisions
f22/,north-north,Washington,"November 5-6, 2022",NOT ALLOWED  In-Conference Regatta,FJ,2 Divisions
f22/,mcsa-fall,Chicago,"November 5-6, 2022",NOT ALLOWED  In-Conference Regatta,420,2 Divisions
f22/,2022-kennedy-cup,Navy,"November 5-6, 2022",Cross Regional Regatta,Navy 44,1 Division
f22/,sailing-women-singlehanded-nationals,Old Dominion,"November 5-6, 2022",National Championship Finals Regatta,Laser,Singlehanded
f22/,sailing-singlehanded-nationals,Old Dominion,"November 5-6, 2022",National Championship Finals Regatta,Laser,Singlehanded
f22/,frosh-soph,Western Washington,"November 12-13, 2022",NOT ALLOWED  In-Conference Regatta,FJ,2 Divisions
f22/,fall-pcc-jv,UC Santa Barbara,"November 12-13, 2022",NOT ALLOWED  In-Conference Regatta,FJ,2 Divisions
f22/,fall-pacific-coast,UC Santa Barbara,"November 12-13, 2022",Conference Championship Regatta,FJ,3 Divisions
f22/,2023-rose-bowl,Southern Cal,"January 7-8, 2023",Cross Regional Regatta,FJ,2 Divisions
s23/,peter-wenner-rainbow-invitational,Hawaii,"January 14-15, 2023",NOT ALLOWED  In-Conference Regatta,FJ,2 Divisions
s23/,jeff-simon-open,UC San Diego,"January 28-29, 2023",NOT ALLOWED  In-Conference Regatta,FJ,2 Divisions
s23/,jeff-simon-women,UC San Diego,"January 28, 2023",NOT ALLOWED  In-Conference Regatta,FJ,2 Divisions
s23/,simon-women,UC San Diego,"January 28-29, 2023",NOT ALLOWED  In-Conference Regatta,FJ,2 Divisions
s23/,q1-reagatta,Texas,"February 4-5, 2023",NOT ALLOWED  In-Conference Regatta,FJ,Team
s23/,mustang-team-race,Cal Poly,"February 11-12, 2023",NOT ALLOWED  In-Conference Regatta,FJ,Team
s23/,halifax-river-invitational,Embry-Riddle,"February 11, 2023",NOT ALLOWED  In-Conference Regatta,FJ,2 Divisions
s23/,south-collegiate-offshore-phrf,Charleston,"February 11-12, 2023",NOT ALLOWED  Interconference Regatta,Catalina 37,1 Division
s23/,scor-phrf,Charleston,"February 11-12, 2023",NOT ALLOWED  Interconference Regatta,Catalina 37,1 Division
s23/,husky-women-fr,Washington,"February 12, 2023",Fundamental Regatta,FJ,Combined
s23/,husky-women-fleet-race,Washington,"February 11, 2023",Fundamental Regatta,FJ,Combined
s23/,harris-kempner,Texas A&M Galveston,"February 11-12, 2023",Regional Regatta,420,2 Divisions
s23/,day-bryson-women-fleet-race,Stanford,"February 19, 2023",NOT ALLOWED  In-Conference Regatta,420,Combined
s23/,bryson-women-fleet-race-day,Stanford,"February 18, 2023",NOT ALLOWED  In-Conference Regatta,FJ,Combined
s23/,top-open,Stanford,"February 18-19, 2023",NOT ALLOWED  In-Conference Regatta,FJ,Combined
s23/,saisa-spring-open-invitational,Eckerd,"February 18-19, 2023",NOT ALLOWED  In-Conference Regatta,420,2 Divisions
s23/,mustang-open-varsity,Cal Poly,"February 25-26, 2023",NOT ALLOWED  In-Conference Regatta,FJ,2 Divisions
s23/,mustang-open-jv,Cal Poly,"February 25-26, 2023",NOT ALLOWED  In-Conference Regatta,FJ,2 Divisions
s23/,mustang-women,Cal Poly,"February 25-26, 2023",NOT ALLOWED  In-Conference Regatta,FJ,2 Divisions
s23/,saisa-south-spring-tournament-gregg-popp,Embry-Riddle,"February 25, 2023",NOT ALLOWED  In-Conference Regatta,FJ,2 Divisions
s23/,saisa-north-spring-tournament,Citadel,"February 25, 2023",NOT ALLOWED  In-Conference Regatta,420,2 Divisions
s23/,mcintyre-team-race,Stanford,"February 25-26, 2023",NOT ALLOWED  Interconference Regatta,420,Team
s23/,eckerd-interconference,Eckerd,"February 25-26, 2023",NOT ALLOWED  Interconference Regatta,420/FJ,2 Divisions
s23/,mccarthy-cup,Texas,"February 25-26, 2023",Fundamental Regatta,FJ,Team
s23/,usf-women-team-race,South Florida,"February 25-26, 2023",Cross Regional Regatta,FJ,Team
s23/,sharpe-team-race,Brown,"March 5, 2023",NOT ALLOWED  In-Conference Regatta,FJ,Team
s23/,harvard-women-team-race,Harvard,"March 5, 2023",NOT ALLOWED  In-Conference Regatta,Z420,Team
s23/,mcmerrick-cup,Roger Williams,"March 4-5, 2023",NOT ALLOWED  In-Conference Regatta,FJ,Team
s23/,jeff-mixdorf,Western Washington,"March 4-5, 2023",NOT ALLOWED  In-Conference Regatta,FJ,Team
s23/,rhody-riveter,Salve Regina,"March 4-5, 2023",NOT ALLOWED  In-Conference Regatta,FJ,Combined
s23/,old-florida,Florida,"March 4, 2023",NOT ALLOWED  In-Conference Regatta,420,2 Divisions
s23/,uncw,UNC Wilmington,"March 4, 2023",NOT ALLOWED  In-Conference Regatta,420,2 Divisions
s23/,mendelblatt-open-saisa-team-race,South Florida,"March 4-5, 2023",NOT ALLOWED  In-Conference Regatta,FJ,Team
s23/,thames-river-team-race,Connecticut College,"March 5, 2023",NOT ALLOWED  Promotional Regatta,FJ,Team
s23/,seawolf-spring-open,Stony Brook,"March 5, 2023",Fundamental Regatta,FJ,Combined
s23/,garner-tullis,Tulane,"March 4-5, 2023",Regional Regatta,Z420,Team
s23/,tom-noble-team-race,Washington College,"March 4-5, 2023",Regional Regatta,FJ,Team
s23/,georgetown-team-race,George Washington/Georgetown,"March 4-5, 2023",Cross Regional Regatta,FJ,Team
s23/,gw-team-race,George Washington/Georgetown,"March 4-5, 2023",Cross Regional Regatta,Z420,Team
s23/,pheobe-corckran-king-women-team-race,Charleston,"March 4-5, 2023",Cross Regional Regatta,FJ,Team
s23/,odu-women-team-race,Old Dominion,"March 4-5, 2023",Cross Regional Regatta,FJ,Team
s23/,icebreaker-invitational,Tufts,"March 12, 2023",NOT ALLOWED  In-Conference Regatta,Lark,2 Divisions
s23/,franny-charles-team-race,MIT,"March 11, 2023",NOT ALLOWED  In-Conference Regatta,FJ,Team
s23/,salve-regina-team-race-invite,Salve Regina,"March 11-12, 2023",NOT ALLOWED  In-Conference Regatta,FJ,Team
s23/,tiger-town,Clemson,"March 11, 2023",NOT ALLOWED  In-Conference Regatta,420,2 Divisions
s23/,port-la-harbor-cup,Cal Maritime,"March 10-12, 2023",NOT ALLOWED  Promotional Regatta,Catalina 37,1 Division
s23/,st-francis-invitational-north-semis,Cal Maritime,"March 11-12, 2023",Fundamental Regatta,FJ,2 Divisions
s23/,wood-team-race,Harvard,"March 11-12, 2023",Regional Regatta,420/FJ,Team
s23/,john-jackson-team-race,Georgetown,"March 11-12, 2023",Regional Regatta,FJ,Team
s23/,turner-team-race,Citadel,"March 11, 2023",Regional Regatta,420/FJ,Team
s23/,bob-bavier-open-team-race,Charleston,"March 11-12, 2023",Cross Regional Regatta,420/FJ,Team
s23/,st-mary-women-team-race,St. Mary's,"March 11-12, 2023",Cross Regional Regatta,420/FJ,Team
s23/,graham-hall-team-race,Navy,"March 11-12, 2023",Cross Regional Regatta,FJ/Z420,Team
s23/,ivan-geiger-team-race,MIT,"March 18-19, 2023",NOT ALLOWED  In-Conference Regatta,420/FJ,Team
s23/,brown-team-race-invite,Brown,"March 18-19, 2023",NOT ALLOWED  In-Conference Regatta,420/FJ,Team
s23/,bud-morrow-cup,Rollins,"March 18-19, 2023",NOT ALLOWED  In-Conference Regatta,FJ,Combined
s23/,sea-to-sky,Victoria,"March 18-19, 2023",NOT ALLOWED  In-Conference Regatta,FJ,1 Division
s23/,lake-norman-open,Wake Forest,"March 18, 2023",NOT ALLOWED  In-Conference Regatta,420,2 Divisions
s23/,2023-j70-invite,Coast Guard,"March 18-19, 2023",NOT ALLOWED  Promotional Regatta,J-70,1 Division
s23/,central-series,Mass Maritime,"March 19, 2023",Regional Regatta,FJ,2 Divisions
s23/,washington-team-race,Washington College,"March 18-19, 2023",Regional Regatta,FJ,Team
s23/,south-ne-team-race,Connecticut College,"March 18-19, 2023",Cross Regional Regatta,420/FJ,Team
s23/,navy-women-spring-fleet-race,Navy,"March 18-19, 2023",Cross Regional Regatta,Z420,2 Divisions
s23/,st-mary-team-race-inter-conference,St. Mary's,"March 18-19, 2023",Cross Regional Regatta,420/FJ,Team
s23/,central-series-msm,Mass Maritime,"March 26, 2023",NOT ALLOWED  In-Conference Regatta,FJ,2 Divisions
s23/,saisa-spring-women-open,Jacksonville,"March 26, 2023",NOT ALLOWED  In-Conference Regatta,420,2 Divisions
s23/,staake,Boston University,"March 25-26, 2023",NOT ALLOWED  In-Conference Regatta,FJ,Team
s23/,team-racing-invite,Harvard,"March 25-26, 2023",NOT ALLOWED  In-Conference Regatta,420/FJ,Team
s23/,2023-carolina,U South Carolina,"March 25, 2023",NOT ALLOWED  In-Conference Regatta,420,2 Divisions
s23/,harpswell-sound-team-race,Bowdoin,"March 25-26, 2023",NOT ALLOWED  In-Conference Regatta,420,Team
s23/,pccsc-south-designate-semis,Southern Cal,"March 25-26, 2023",NOT ALLOWED  In-Conference Regatta,FJ,2 Divisions
s23/,2023-florida,Jacksonville,"March 25, 2023",NOT ALLOWED  In-Conference Regatta,420,2 Divisions
s23/,tennessee-alabama-georgia-tag,Tennessee,"March 25, 2023",NOT ALLOWED  In-Conference Regatta,420,2 Divisions
s23/,hanbury,Christopher Newport,"March 25-26, 2023",NOT ALLOWED  Two-Conference Regatta,420/FJ,2 Divisions
s23/,cga-j70-invite,Coast Guard,"March 25-26, 2023",NOT ALLOWED  Promotional Regatta,J-70,1 Division
s23/,jan-friis-team-race,Roger Williams,"March 25-26, 2023",NOT ALLOWED  Interconference Regatta,420/FJ,Team
s23/,stony-brook-cup,Stony Brook,"March 25-26, 2023",Fundamental Regatta,FJ,2 Divisions
s23/,dillon-womens-tr,Tufts,"March 25-26, 2023",Cross Regional Regatta,Lark,Team
s23/,jen-harris-team-race,Navy,"March 25-26, 2023",Cross Regional Regatta,420,Team
s23/,admiral-moore-open-team-race,Kings Point,"March 25-26, 2023",Cross Regional Regatta,FJ/Z420,Team
s23/,aaron-szambecki-team-race,Old Dominion,"March 25-26, 2023",Cross Regional Regatta,FJ/Z420,Team
s23/,sunday-salve-regina-invite,Salve Regina,"April 2, 2023",NOT ALLOWED  In-Conference Regatta,FJ,2 Divisions
s23/,keelhauler-open,Cal Maritime,"April 1-2, 2023",NOT ALLOWED  In-Conference Regatta,FJ,Combined
s23/,indian-river-invitational,Florida Tech,"April 1, 2023",NOT ALLOWED  In-Conference Regatta,FJ,2 Divisions
s23/,2023-cga-j70-invite,Coast Guard,"April 1-2, 2023",NOT ALLOWED  Interconference Regatta,J-70,1 Division
s23/,connecticut-valley-dinghy,Coast Guard,"April 1-2, 2023",NOT ALLOWED  Interconference Regatta,420,2 Divisions
s23/,nelson-roltsch-scrimmage,Tulane,"April 2, 2023",Scrimmage Regatta,Z420,1 Division
s23/,spring-open,William and Mary,"April 1-2, 2023",Fundamental Regatta,FJ,2 Divisions
s23/,women-staake-team-race,Tufts,"April 1-2, 2023",Fundamental Regatta,Lark,Team
s23/,delaware-river-dinghy,Princeton,"April 1-2, 2023",Fundamental Regatta,420,2 Divisions
s23/,laker-showdown,Grand Valley State,"April 1-2, 2023",Fundamental Regatta,420,2 Divisions
s23/,40th-lynne-marchiando-cardinal-red-team-race,MIT,"April 1-2, 2023",Cross Regional Regatta,420,Team
s23/,40th-grey-lynne-marchiando-team-races,MIT,"April 1-2, 2023",Cross Regional Regatta,420/FJ,Team
s23/,dellenbaugh-women-team-race,Brown,"April 1-2, 2023",Cross Regional Regatta,420/FJ,Team
s23/,finger-lakes-women-team-race,Cornell,"April 1-2, 2023",Cross Regional Regatta,FJ,Team
s23/,nelson-roltsch-team-race,Tulane,"April 1-2, 2023",Cross Regional Regatta,Z420,Team
s23/,mcsa-women-fleet-race,Michigan,"April 1-2, 2023",Conference Championship Regatta,FJ,2 Divisions
s23/,mcsa-women-team-race,Michigan,"March 31 - April 1, 2023",Conference Championship Regatta,FJ,Team
s23/,alymers,Salve Regina,"April 9, 2023",NOT ALLOWED  In-Conference Regatta,FJ,Combined
s23/,mystic-lake-team-racing-invite,Tufts,"April 8-9, 2023",NOT ALLOWED  In-Conference Regatta,Lark,Team
s23/,new-england-dinghy-tournament,Mass Maritime,"April 8, 2023",NOT ALLOWED  In-Conference Regatta,FJ,2 Divisions
s23/,south-fleet-race-ewenson,Rhode Island,"April 8-9, 2023",NOT ALLOWED  In-Conference Regatta,FJ,Combined
s23/,anteater-open-jv,UC Irvine,"April 8-9, 2023",NOT ALLOWED  In-Conference Regatta,FJ,2 Divisions
s23/,anteater-open-varsity,UC Irvine,"April 8-9, 2023",NOT ALLOWED  In-Conference Regatta,FJ,2 Divisions
s23/,yale-women-team-race,Yale,"April 8-9, 2023",NOT ALLOWED  Interconference Regatta,FJ,Team
s23/,emily-wick,Connecticut College,"April 8-9, 2023",NOT ALLOWED  Interconference Regatta,FJ,2 Divisions
s23/,jeremy-pinkerton,Maryland,"April 8-9, 2023",Fundamental Regatta,FJ,2 Divisions
s23/,ocean-county-spring-open,Ocean County,"April 8-9, 2023",Fundamental Regatta,420,2 Divisions
s23/,richard-tillman-saisa-open-champs,Eckerd,"April 8-9, 2023",Conference Championship Regatta,420,2 Divisions
s23/,pccsc-open-team-race,Stanford,"April 8-9, 2023",Conference Championship Regatta,420,Team
s23/,prosser-maisa-open-team-race,Kings Point,"April 8-9, 2023",Conference Championship Regatta,FJ/Z420,Team
s23/,neisa-open-team-race-fowle,Brown,"April 8-9, 2023",Conference Championship Regatta,420/FJ,Team
s23/,saisa-team-race-open,Eckerd,"April 7-8, 2023",Conference Championship Regatta,420,Team
s23/,team-race-invite,Mass Maritime,"April 16, 2023",NOT ALLOWED  In-Conference Regatta,FJ,Team
s23/,2023-central-series,Tufts,"April 16, 2023",NOT ALLOWED  In-Conference Regatta,Lark,2 Divisions
s23/,priddy,Rhode Island,"April 15, 2023",NOT ALLOWED  In-Conference Regatta,FJ,1 Division
s23/,rainier-cup-jv,Western Washington,"April 15-16, 2023",NOT ALLOWED  In-Conference Regatta,FJ,2 Divisions
s23/,rainier-cup-varsity,Western Washington,"April 15-16, 2023",NOT ALLOWED  Interconference Regatta,FJ,2 Divisions
s23/,windy-indy,Indiana,"April 15-16, 2023",Fundamental Regatta,420,2 Divisions
s23/,grant,Stony Brook,"April 15-16, 2023",Fundamental Regatta,420,2 Divisions
s23/,buckeye-invitational,Ohio State,"April 15-16, 2023",Fundamental Regatta,420,2 Divisions
s23/,oberg,Northeastern,"April 15-16, 2023",Regional Regatta,420/FJ,3 Divisions
s23/,azalea-bowl,North Carolina State/UNC Wilmington,"April 15-16, 2023",Regional Regatta,420,2 Divisions
s23/,owen,Kings Point,"April 15-16, 2023",Cross Regional Regatta,420,2 Divisions
s23/,thompson,Coast Guard,"April 15-16, 2023",Cross Regional Regatta,,Team
s23/,2023-truxtun-umsted,Navy,"April 15-16, 2023",Cross Regional Regatta,420,2 Divisions
s23/,seisa-womens-team-race,Tulane,"April 16, 2023",Conference Championship Regatta,Z420,Team
s23/,neisa-women-team-racing,Harvard,"April 15-16, 2023",Conference Championship Regatta,FJ/Z420,Team
s23/,mcsa-open-fleet-racing,Wisconsin,"April 15-16, 2023",Conference Championship Regatta,420,2 Divisions
s23/,seisa-open-team-race,Tulane,"April 15-16, 2023",Conference Championship Regatta,Z420,Team
s23/,maisa-womens-team-race-conference-championships,Cornell,"April 15-16, 2023",Conference Championship Regatta,FJ,Team
s23/,saisa-women-fleet-race-championships,Charleston,"April 15-16, 2023",Conference Championship Regatta,420/FJ,2 Divisions
s23/,charley-dole-pccsc-women-fleet-race,UC Santa Barbara,"April 15-16, 2023",Conference Championship Regatta,FJ,Combined
s23/,saisa-women-team-race,Charleston,"April 15, 2023",Conference Championship Regatta,FJ,Team
s23/,pccsc-women-team-race,UC Santa Barbara,"April 14-15, 2023",Conference Championship Regatta,FJ,Team
s23/,mcsa-open-team-racing,Wisconsin,"April 14, 2023",Conference Championship Regatta,420,Team
s23/,mendums-invite,New Hampshire,"April 23, 2023",NOT ALLOWED  In-Conference Regatta,FJ,2 Divisions
s23/,polar-bear-invite,Bowdoin,"April 22, 2023",NOT ALLOWED  In-Conference Regatta,420,2 Divisions
s23/,intercollegiate-spring-tech-dinghy,MIT,"April 22, 2023",NOT ALLOWED  In-Conference Regatta,Tech (single),Singlehanded
s23/,otoole,Mass Maritime,"April 22-23, 2023",NOT ALLOWED  In-Conference Regatta,FJ,2 Divisions
s23/,hammer-showdown,Purdue,"April 22-23, 2023",Fundamental Regatta,420,2 Divisions
s23/,rochester-club-open,U. Rochester,"April 22-23, 2023",Fundamental Regatta,420,2 Divisions
s23/,morris,Boston University,"April 22-23, 2023",Regional Regatta,FJ,2 Divisions
s23/,delaware-spring-open-2023,Delaware,"April 22-23, 2023",Regional Regatta,FJ,2 Divisions
s23/,sailpack-oriental-intercollegiate,North Carolina State,"April 22-23, 2023",Regional Regatta,FJ,2 Divisions
s23/,85th-boston-dinghy-club-challenge-cup,MIT,"April 22-23, 2023",Cross Regional Regatta,420,3 Divisions
s23/,big-ten-team-race,Michigan,"April 22-23, 2023",Cross Regional Regatta,FJ,Team
s23/,admirals-cup,Kings Point,"April 22-23, 2023",Cross Regional Regatta,420,2 Divisions
s23/,neisa-women-reed,Brown,"April 22-23, 2023",Conference Championship Regatta,FJ,2 Divisions
s23/,maisa-women-dinghy-championships,St. Mary's,"April 22-23, 2023",Conference Championship Regatta,420,2 Divisions
s23/,pacific-coast-open-fleet-race-championships,Hawaii,"April 22-23, 2023",Conference Championship Regatta,FJ,2 Divisions
s23/,wesleyan-invite,Wesleyan,"April 30, 2023",Fundamental Regatta,FJ,2 Divisions
s23/,open-new-england-fleet-race,Connecticut College,"April 29-30, 2023",Fundamental Regatta,FJ,2 Divisions
s23/,little,Middlebury,"April 29, 2023",Fundamental Regatta,FJ,2 Divisions
s23/,south-fleet-race,Rhode Island,"April 29, 2023",Fundamental Regatta,FJ,Combined
s23/,cream-city-classic,Marquette,"April 29-30, 2023",Fundamental Regatta,420,2 Divisions
s23/,island-cup,Western Washington,"April 29-30, 2023",Fundamental Regatta,FJ,Team
s23/,sailing-national-invitational,Texas,"April 29-30, 2023",Cross Regional Regatta,420,Combined
s23/,america,Old Dominion,"April 29-30, 2023",Conference Championship Regatta,FJ,2 Divisions
s23/,women-team-race-national,Stanford,"April 29-30, 2023",National Championship Finals Regatta,420/FJ,Team
s23/,drexel-open,Drexel,"May 6-7, 2023",Fundamental Regatta,FJ,2 Divisions
s23/,nu-spring,Northwestern,"May 6-7, 2023",Fundamental Regatta,420,2 Divisions
s23/,gorge-invite,Western Washington,"May 13-14, 2023",Fundamental Regatta,FJ,2 Divisions
s23/,engineer-cup,Webb Institute,"May 13-14, 2023",Fundamental Regatta,420,2 Divisions
s23/,tufts-alumni-2023-larks,Tufts,"May 20, 2023",NOT ALLOWED  Promotional Regatta,Lark,3 Divisions
s23/,tufts-alumni-2023-420s,Tufts,"May 20, 2023",NOT ALLOWED  Promotional Regatta,420,2 Divisions
s23/,kiara-broudy,UC Santa Cruz,"May 20-21, 2023",Fundamental Regatta,FJ,2 Divisions
s23/,sailing-women-east-semis,Kings Point,"May 23-24, 2023",National Championship Semifina Regatta,420,2 Divisions
s23/,sailing-women-west-semis,Kings Point,"May 23-24, 2023",National Championship Semifina Regatta,FJ,2 Divisions
s23/,sailing-team-race-national,Kings Point,"May 27-29, 2023",National Championship Finals Regatta,420/FJ,Team
s23/,sailing-women-national,Kings Point,"May 25-26, 2023",National Championship Finals Regatta,420,2 Divisions
s23/,ucsd-intrasquads,UC San Diego,"June 3-4, 2023",Scrimmage Regatta,FJ,2 Divisions
s23/,sailing-open-east-semis,Kings Point,"May 30-31, 2023",National Championship Semifina Regatta,420,2 Divisions
s23/,sailing-open-west-semis,Kings Point,"May 30-31, 2023",National Championship Semifina Regatta,420,2 Divisions
s23/,sailing-dinghy-national,Kings Point,"June 1-2, 2023",National Championship Finals Regatta,420,2 Divisions
f23/,bears-invite,Brown,"September 9, 2023",Fundamental Regatta,FJ,1 Division
f23/,harvard-invitational,Harvard,"September 9, 2023",Fundamental Regatta,FJ,1 Division
f23/,tufts-invite,Tufts,"September 9, 2023",Fundamental Regatta,Lark,1 Division
f23/,mt-hope-bay-invite,Roger Williams,"September 9-10, 2023",Fundamental Regatta,FJ,1 Division
f23/,laser-north,Kings Point,"September 9-10, 2023",Fundamental Regatta,Laser,Singlehanded
f23/,navy-women,Navy,"September 9-10, 2023",Fundamental Regatta,420,Combined
f23/,laser-south,Navy,"September 9-10, 2023",Fundamental Regatta,Laser,Singlehanded
f23/,charles-invitational,Harvard,"September 9, 2023",Fundamental Regatta,Z420,Combined
f23/,saisa-north-fall-tournament,UNC Wilmington,"September 9, 2023",Fundamental Regatta,420,2 Divisions
f23/,saisa-south-fall-tournament,Embry-Riddle,"September 9, 2023",Fundamental Regatta,FJ,Combined
f23/,toni-deutsch-58,MIT,"September 9-10, 2023",Fundamental Regatta,420/FJ,2 Divisions
f23/,riley-cup,Old Dominion,"September 9-10, 2023",Fundamental Regatta,FJ,2 Divisions
f23/,women-kp-invite,Kings Point,"September 9-10, 2023",Fundamental Regatta,FJ,Combined
f23/,kp-open-invite,Kings Point,"September 9-10, 2023",Fundamental Regatta,Z420,Combined
f23/,harmon-cup,Maine Maritime,"September 9-10, 2023",Regional Regatta,Colgate 26,1 Division
f23/,harry-anderson-jr,Yale,"September 9-10, 2023",Regional Regatta,420,2 Divisions
f23/,penobscot-bay-open,Maine Maritime,"September 9-10, 2023",Regional Regatta,420,Combined
f23/,2023-pine,Coast Guard,"September 9-10, 2023",Regional Regatta,J-70,1 Division
f23/,saisa-top-invite,Charleston,"September 9-10, 2023",Regional Regatta,FJ,Combined
f23/,neisaperformancerankhatchbrown,MIT,"September 16-17, 2023",NOT ALLOWED  In-Conference Regatta,420,1 Division
f23/,south-florida,South Florida,"September 17, 2023",Fundamental Regatta,420,2 Divisions
f23/,hatch-brown,MIT,"September 17, 2023",Fundamental Regatta,420,3 Divisions
f23/,chesapeake-open,Navy,"September 16-17, 2023",Fundamental Regatta,420/FJ,1 Division
f23/,coho-open,Webb Institute,"September 16-17, 2023",Fundamental Regatta,420,2 Divisions
f23/,kingsmill-cup,William and Mary,"September 16-17, 2023",Fundamental Regatta,420,2 Divisions
f23/,battle-lake-erie,Penn State Behrend,"September 16-17, 2023",Fundamental Regatta,420,2 Divisions
f23/,jack-boehringer-52-open-invite,Cornell,"September 16-17, 2023",Fundamental Regatta,FJ,1 Division
f23/,susan-rogers-women-invite,Cornell,"September 16-17, 2023",Fundamental Regatta,420,1 Division
f23/,chesapeake-invitational,Navy,"September 16-17, 2023",Fundamental Regatta,420/FJ,Combined
f23/,saisa-south-top,Rollins,"September 16, 2023",Fundamental Regatta,FJ,Combined
f23/,buckeye-invite-fall-2023,Ohio State,"September 16-17, 2023",Fundamental Regatta,420,2 Divisions
f23/,john-quinn,Monmouth,"September 16, 2023",Fundamental Regatta,FJ,2 Divisions
f23/,saisa-north-top-invite,Citadel,"September 16, 2023",Fundamental Regatta,FJ,Combined
f23/,yale-fj-invite,Yale,"September 17, 2023",Regional Regatta,FJ,1 Division
f23/,regis,Harvard,"September 17, 2023",Regional Regatta,FJ,2 Divisions
f23/,fall-fury,Wisconsin,"September 16-17, 2023",Regional Regatta,420,2 Divisions
f23/,seisa-singlehanded-women,Texas,"September 16, 2023",Conference Championship Regatta,Laser,Singlehanded
f23/,montotype-neisa-singlehanded,Brown,"September 16-17, 2023",Conference Championship Regatta,Laser,Singlehanded
f23/,neisa-women-singlehanded,Brown,"September 16-17, 2023",Conference Championship Regatta,Radial,Singlehanded
f23/,seisa-singlehand-open,Texas,"September 16, 2023",Conference Championship Regatta,Laser,Singlehanded
f23/,mcsa-singlehanded-womens-ilca,Michigan,"September 16-17, 2023",Conference Championship Regatta,Laser,Singlehanded
f23/,mcsa-singlehanded-open-ilca,Michigan,"September 16-17, 2023",Conference Championship Regatta,Laser,Singlehanded
f23/,saisa-women-singlehanded-championships,Florida Tech,"September 16-17, 2023",Conference Championship Regatta,Laser,Singlehanded
f23/,saisa-open-singlehanded-championships,Florida Tech,"September 16-17, 2023",Conference Championship Regatta,Laser,Singlehanded
f23/,faye-bennet-maisa-women-singlehanded,Navy,"September 16-17, 2023",Conference Championship Regatta,Radial,Singlehanded
f23/,seisa-match-race,Texas,"September 15, 2023",Conference Championship Regatta,Flying Scot,1 Division
f23/,seneca-showdown,Hobart & William,"September 24, 2023",Fundamental Regatta,420,1 Division
f23/,sherman-hoyt,Brown,"September 23-24, 2023",Fundamental Regatta,FJ,2 Divisions
f23/,mrs-hurst-bowl,Bowdoin,"September 23-24, 2023",Fundamental Regatta,FJ,2 Divisions
f23/,callagy-ross,Vermont,"September 23-24, 2023",Fundamental Regatta,FJ,Combined
f23/,hood,Tufts,"September 23-24, 2023",Fundamental Regatta,Lark,2 Divisions
f23/,mcsa-sloop,Hillsdale,"September 23-24, 2023",Fundamental Regatta,Flying Scot,1 Division
f23/,ross-courageous,New Hampshire,"September 23, 2023",Fundamental Regatta,Rhodes,1 Division
f23/,eagle-invite,Boston College,"September 23, 2023",Fundamental Regatta,420,Combined
f23/,miami,U. Miami,"September 23, 2023",Fundamental Regatta,420,2 Divisions
f23/,cazenovia-fall-open,Syracuse,"September 23-24, 2023",Fundamental Regatta,420,2 Divisions
f23/,ashley-river,Citadel,"September 23, 2023",Fundamental Regatta,420,2 Divisions
f23/,salt-pond-invite,Rhode Island,"September 23-24, 2023",Regional Regatta,FJ,2 Divisions
f23/,sugar-bowl-open,Tulane,"September 23-24, 2023",Regional Regatta,Z420,Combined
f23/,sugar-bowl-womens,Tulane,"September 23-24, 2023",Regional Regatta,Z420,Combined
f23/,saisa-women-top-18-invite,Eckerd,"September 23-24, 2023",Regional Regatta,420,2 Divisions
f23/,intrepid-maisa-match-race,Navy,"September 23-24, 2023",Conference Championship Regatta,Colgate 26,1 Division
f23/,pccsc-single-handed-open,Washington,"September 23-24, 2023",Conference Championship Regatta,Laser,Singlehanded
f23/,saisa-match-race-championships,Charleston,"September 23-24, 2023",Conference Championship Regatta,J-22,1 Division
f23/,pccsc-single-handed-women,Washington,"September 23-24, 2023",Conference Championship Regatta,Laser,Singlehanded
f23/,yale-fall-invite,Yale,"September 30, 2023",Fundamental Regatta,420,1 Division
f23/,cascadia-cup-jv,Washington,"September 30 - October 1, 2023",Fundamental Regatta,FJ,2 Divisions
f23/,cascadia-cup-varsity,Washington,"September 30 - October 1, 2023",Fundamental Regatta,FJ,2 Divisions
f23/,mcgill-cup,McGill,"September 30 - October 1, 2023",Fundamental Regatta,Z420,2 Divisions
f23/,bu-invite,Boston University,"September 30 - October 1, 2023",Fundamental Regatta,FJ,2 Divisions
f23/,kilpatrick,Central Oklahoma,"September 30 - October 1, 2023",Fundamental Regatta,420,2 Divisions
f23/,sodus-bay-open,Rochester,"September 30 - October 1, 2023",Fundamental Regatta,420,2 Divisions
f23/,chenard-cup,Georgia Tech,"September 30, 2023",Fundamental Regatta,420,2 Divisions
f23/,erau-greg-popp,Embry-Riddle,"September 30, 2023",Fundamental Regatta,FJ,2 Divisions
f23/,george-warren-smith,MIT,"September 30, 2023",Fundamental Regatta,Tech,2 Divisions
f23/,mccurdy,Delaware,"September 30 - October 1, 2023",Fundamental Regatta,FJ,2 Divisions
f23/,harris-kempner,Texas A&M Galveston,"September 30 - October 1, 2023",Fundamental Regatta,420,2 Divisions
f23/,bowdoin-mid-week-invite,Bowdoin,"September 28, 2023",Fundamental Regatta,420,1 Division
f23/,new-york-maritime-fall-open,NY Maritime,"September 30 - October 1, 2023",Regional Regatta,420,2 Divisions
f23/,sailpack-women-intercollegiate,North Carolina State,"September 30, 2023",Regional Regatta,420/FJ,Combined
f23/,pere-marquette,Marquette,"September 30 - October 1, 2023",Regional Regatta,420,2 Divisions
f23/,danmark,Coast Guard,"September 30 - October 1, 2023",Cross Regional Regatta,FJ,2 Divisions
f23/,moody,Rhode Island,"September 30 - October 1, 2023",Cross Regional Regatta,FJ,2 Divisions
f23/,charleston-fall-interconference,Charleston,"September 30 - October 1, 2023",Cross Regional Regatta,420,Combined
f23/,shields,Navy,"September 30 - October 1, 2023",Cross Regional Regatta,Navy 44,1 Division
f23/,atlantic-coast-women-championships-round-1b,St. Mary's,"September 30 - October 1, 2023",Showcase Regatta,420,2 Divisions
f23/,women-acc-round-1a,Navy,"September 30 - October 1, 2023",Showcase Regatta,420/FJ,2 Divisions
f23/,maisa-men-singlehanded-carl-van-duyne,Kings Point,"September 30 - October 1, 2023",Conference Championship Regatta,Laser,Singlehanded
f23/,tiger-town,Clemson,"October 8, 2023",Fundamental Regatta,420,2 Divisions
f23/,protest,Bates,"October 8, 2023",Fundamental Regatta,FJ,Combined
f23/,stuart-walker,Middlebury,"October 7, 2023",Fundamental Regatta,FJ,Combined
f23/,great-herring-pond-open,Mass Maritime,"October 7-8, 2023",Fundamental Regatta,FJ,2 Divisions
f23/,sister-esther,Salve Regina,"October 7-8, 2023",Fundamental Regatta,FJ,2 Divisions
f23/,stoney-burke-jv,Berkeley,"October 7-8, 2023",Fundamental Regatta,FJ,2 Divisions
f23/,rock-chalk,Kansas,"October 7-8, 2023",Fundamental Regatta,420,2 Divisions
f23/,stoney-burke-women-varsity,Berkeley,"October 7-8, 2023",Fundamental Regatta,FJ,2 Divisions
f23/,eckerd,Eckerd,"October 7, 2023",Fundamental Regatta,420,2 Divisions
f23/,boudeman-cup,Western Michigan,"October 7, 2023",Fundamental Regatta,420,2 Divisions
f23/,hoosierpalooza,Indiana,"October 7-8, 2023",Fundamental Regatta,420,2 Divisions
f23/,rebecca-blank,Northwestern,"October 7-8, 2023",Fundamental Regatta,420,2 Divisions
f23/,hewitt,Bowdoin,"October 7-8, 2023",Regional Regatta,420,2 Divisions
f23/,webb-wollum,Christopher Newport,"October 7, 2023",Regional Regatta,420,2 Divisions
f23/,oyster-bowl-open,St. Mary's,"October 7-8, 2023",Regional Regatta,420,Combined
f23/,stoney-burke-co-ed-varsity,Berkeley,"October 7-8, 2023",Regional Regatta,FJ,2 Divisions
f23/,oyster-bowl-women,St. Mary's,"October 7-8, 2023",Regional Regatta,FJ,Combined
f23/,open-accs-round-1b,Harvard,"October 7-8, 2023",Cross Regional Regatta,FJ,2 Divisions
f23/,stu-nelson,Connecticut College,"October 7-8, 2023",Cross Regional Regatta,Z420,3 Divisions
f23/,cofc-fall-women,Charleston,"October 7-8, 2023",Cross Regional Regatta,420,Combined
f23/,open-atlantic-coast-championships-round-1a,MIT,"October 7-8, 2023",Showcase Regatta,420,2 Divisions
f23/,peak-foliage,New Hampshire,"October 14, 2023",NOT ALLOWED  In-Conference Regatta,FJ,2 Divisions
f23/,invite,Mass Maritime,"October 15, 2023",Fundamental Regatta,FJ,2 Divisions
f23/,crews,Mass Maritime,"October 14, 2023",Fundamental Regatta,FJ,2 Divisions
f23/,salve-regina-fleet-race-invite,Salve Regina,"October 14-15, 2023",Fundamental Regatta,FJ,1 Division
f23/,jefferson-cup,Virginia,"October 14-15, 2023",Fundamental Regatta,FJ,2 Divisions
f23/,washington-fall,Washington College,"October 14-15, 2023",Fundamental Regatta,FJ,2 Divisions
f23/,emma-2023,Hope,"October 14-15, 2023",Fundamental Regatta,420,2 Divisions
f23/,david-van-cleef,U South Carolina,"October 14, 2023",Fundamental Regatta,420,2 Divisions
f23/,stony-brook-fall-open,Stony Brook,"October 14-15, 2023",Fundamental Regatta,FJ,Combined
f23/,saisa-fall-2v2,Rollins,"October 14, 2023",Fundamental Regatta,FJ,Team
f23/,savin-hill-invite,Boston College,"October 14, 2023",Regional Regatta,420,2 Divisions
f23/,kathryn-hammond,Texas,"October 14-15, 2023",Regional Regatta,420,Combined
f23/,nevins,Kings Point,"October 14-15, 2023",Cross Regional Regatta,420,2 Divisions
f23/,captain-hurst-bowl,Harvard,"October 14-15, 2023",Cross Regional Regatta,FJ,2 Divisions
f23/,david-lee-arnoff,Hobart & William,"October 14-15, 2023",Cross Regional Regatta,Z420,Combined
f23/,2023-mcmillan-cup,Navy,"October 14-15, 2023",Cross Regional Regatta,Navy 44,1 Division
f23/,women-atlantic-coast,Yale,"October 14-15, 2023",Showcase Regatta,420,2 Divisions
f23/,women-atlantic-coast-tournament,Brown,"October 14-15, 2023",Showcase Regatta,FJ,2 Divisions
f23/,neisa-match-race,Bowdoin,"October 14-15, 2023",Conference Championship Regatta,Sonar,1 Division
f23/,pccsc-match-race,UC Santa Barbara,"October 14-15, 2023",Conference Championship Regatta,Match Race 3-4,1 Division
f23/,2023-mcsa-match-race,Wisconsin,"October 14-15, 2023",Conference Championship Regatta,Sonar,1 Division
f23/,franklin-lane-team-race,Tufts,"October 22, 2023",Fundamental Regatta,FJ/Lark,Team
f23/,chris-loder,New Hampshire,"October 21-22, 2023",Fundamental Regatta,FJ,2 Divisions
f23/,tom-curtis,Georgetown,"October 21, 2023",Fundamental Regatta,FJ,1 Division
f23/,outlaw,Oregon,"October 21-22, 2023",Fundamental Regatta,FJ,2 Divisions
f23/,ucsd-open,UC San Diego,"October 21-22, 2023",Fundamental Regatta,FJ,2 Divisions
f23/,acton-up,Miami University,"October 21-22, 2023",Fundamental Regatta,420,2 Divisions
f23/,saisa-women-sprint,Florida Tech,"October 21, 2023",Fundamental Regatta,FJ,1 Division
f23/,luce,Christopher Newport,"October 21-22, 2023",Fundamental Regatta,420,2 Divisions
f23/,aggie-fall,Texas A&M,"October 21-22, 2023",Fundamental Regatta,420,2 Divisions
f23/,norman-reid-team-race,Boston College,"October 21, 2023",Fundamental Regatta,420,Team
f23/,carin-streufert,Minnesota,"October 21-22, 2023",Fundamental Regatta,420,2 Divisions
f23/,ucsd-frosh-soph,UC San Diego,"October 21-22, 2023",Fundamental Regatta,FJ,2 Divisions
f23/,wisco-womens,Wisconsin,"October 21-22, 2023",Regional Regatta,420,2 Divisions
f23/,lake-virginia-invitational,Rollins,"October 21, 2023",Regional Regatta,FJ,2 Divisions
f23/,oberg,Northeastern,"October 21-22, 2023",Regional Regatta,FJ,3 Divisions
f23/,yale-women,Yale,"October 21-22, 2023",Cross Regional Regatta,420,2 Divisions
f23/,atlantic-coast-open-finals,St. Mary's,"October 21-22, 2023",Cross Regional Regatta,420/FJ,2 Divisions
f23/,atlantic-coast-tournament,Navy,"October 21-22, 2023",Showcase Regatta,420/FJ,2 Divisions
f23/,top-invite,Stanford,"October 28, 2023",NOT ALLOWED  In-Conference Regatta,420,Combined
f23/,dave-perry-team-race,Yale,"October 28, 2023",Fundamental Regatta,420,Team
f23/,bu-invite-oct,Boston University,"October 28-29, 2023",Fundamental Regatta,FJ,2 Divisions
f23/,kingfisher,Illinois,"October 28-29, 2023",Fundamental Regatta,420,2 Divisions
f23/,cedarfest,Michigan State,"October 28-29, 2023",Fundamental Regatta,420,2 Divisions
f23/,dark-night,Tufts,"October 26, 2023",Fundamental Regatta,Lark,2 Divisions
f23/,nickerson,Tufts,"October 28-29, 2023",Regional Regatta,Lark,2 Divisions
f23/,seisa-women-fall,Texas,"October 29, 2023",Conference Championship Regatta,Z420,Combined
f23/,saisa-fall-open,Eckerd,"October 28-29, 2023",Conference Championship Regatta,420,2 Divisions
f23/,pccsc-fall-women,Stanford,"October 28, 2023",Conference Championship Regatta,FJ,Combined
f23/,ne-fall-tournament,New Hampshire,"October 28-29, 2023",Conference Championship Regatta,FJ,2 Divisions
f23/,victorian-urn,Harvard,"October 28-29, 2023",Conference Championship Regatta,FJ,2 Divisions
f23/,82nd-schell,MIT,"October 28-29, 2023",Conference Championship Regatta,420,2 Divisions
f23/,war,Cornell,"October 28-29, 2023",Conference Championship Regatta,FJ,2 Divisions
f23/,maisa-women-fall-dinghy,Kings Point,"October 28-29, 2023",Conference Championship Regatta,420,2 Divisions
f23/,seisa-open-fall,Texas,"October 28-29, 2023",Conference Championship Regatta,Z420,Combined
f23/,saisa-fall-women,South Florida,"October 27-28, 2023",Conference Championship Regatta,FJ,2 Divisions
f23/,north-north,Washington,"November 4-5, 2023",Fundamental Regatta,FJ,2 Divisions
f23/,kennedy-cup,Navy,"November 4-5, 2023",Cross Regional Regatta,Navy 44,1 Division
f23/,2023-mcsa-fall,Grand Valley State,"November 4-5, 2023",Conference Championship Regatta,420,2 Divisions
f23/,icsa-match-race-national,Charleston,"November 3-5, 2023",National Championship Finals Regatta,J-22,1 Division
f23/,wwu-frosh-soph,Western Washington,"November 11-12, 2023",Fundamental Regatta,FJ,2 Divisions
f23/,2023-triangle-tango-intercollegiate,North Carolina State,"November 11-12, 2023",Fundamental Regatta,FJ,2 Divisions
f23/,glen-foster,Tulane,"November 11-12, 2023",National Championship Finals Regatta,Laser,Singlehanded
f23/,janet-lutz,Tulane,"November 11-12, 2023",National Championship Finals Regatta,Radial,Singlehanded
f23/,fall-pcc-jv,UC Santa Barbara,"November 18-19, 2023",Fundamental Regatta,FJ,2 Divisions
f23/,saisa-melges-24-collegiate-gt,Georgia Tech,"November 18, 2023",Fundamental Regatta,Melges 24,1 Division
f23/,fall-pacific-coast,UC Santa Barbara,"November 18-19, 2023",Conference Championship Regatta,FJ,3 Divisions
f23/,2024-rose-bowl,Southern Cal,"January 6-7, 2024",Cross Regional Regatta,FJ,2 Divisions
s24/,peter-wenner-rainbow-invite,Hawaii,"January 20-21, 2024",Regional Regatta,FJ,2 Divisions
s24/,jeff-simon-women-20,UC San Diego,"January 28, 2024",Fundamental Regatta,FJ,2 Divisions
s24/,jeff-simon-open,UC San Diego,"January 27-28, 2024",Fundamental Regatta,FJ,2 Divisions
s24/,jeff-simon-women,UC San Diego,"January 27, 2024",Fundamental Regatta,FJ,2 Divisions
s24/,mustang-team-race,Cal Poly,"February 3, 2024",Fundamental Regatta,FJ,Team
s24/,q1-regatta,Texas,"February 3-4, 2024",Fundamental Regatta,420,Team
s24/,husky-women-fleet-race,Washington,"February 10-11, 2024",Fundamental Regatta,FJ,Combined
s24/,halifax-river-invitational,Embry-Riddle,"February 10, 2024",Fundamental Regatta,420,Combined
s24/,harris-kempner,Texas A&M Galveston,"February 10-11, 2024",Regional Regatta,420,2 Divisions
s24/,day-bryson-women,Stanford,"February 18, 2024",Fundamental Regatta,420,Combined
s24/,bryson-women-day,Stanford,"February 17, 2024",Fundamental Regatta,FJ,Combined
s24/,saisa-south-spring-tournament,Embry-Riddle,"February 17, 2024",Fundamental Regatta,FJ,2 Divisions
s24/,saisa-north-spring-tournament,U South Carolina,"February 17, 2024",Fundamental Regatta,420,2 Divisions
s24/,top-invite,Stanford,"February 17-18, 2024",Fundamental Regatta,420,Combined
s24/,mendelblatt-team-race,Eckerd,"February 17-18, 2024",Regional Regatta,420/FJ,Team
s24/,mustang-open,Cal Poly,"February 24-25, 2024",Fundamental Regatta,FJ,2 Divisions
s24/,mustang-open-jv,Cal Poly,"February 24-25, 2024",Fundamental Regatta,FJ,2 Divisions
s24/,mustang-women,Cal Poly,"February 24-25, 2024",Fundamental Regatta,FJ,2 Divisions
s24/,spring-opener,Texas A&M C. Christ,"February 24-25, 2024",Fundamental Regatta,Z420,2 Divisions
s24/,saisa-top-18-invitational,Eckerd,"February 24-25, 2024",Fundamental Regatta,420,2 Divisions
s24/,jeff-mixdorf-team-race,Western Washington,"February 24-25, 2024",Regional Regatta,FJ,Team
s24/,usf-women-team-race,South Florida,"February 24-25, 2024",Cross Regional Regatta,FJ,Team
s24/,seawolf-women-spring-open,Stony Brook,"March 2-3, 2024",Fundamental Regatta,FJ,Combined
s24/,sharpe-team-race,Brown,"March 2-3, 2024",Fundamental Regatta,FJ,Team
s24/,mcmerrick-cup-saturday,Roger Williams,"March 2, 2024",Fundamental Regatta,FJ,Team
s24/,uncw,UNC Wilmington,"March 2, 2024",Fundamental Regatta,420,2 Divisions
s24/,thames-river-team-race,Connecticut College,"March 2, 2024",Fundamental Regatta,FJ,Team
s24/,cactus-cup,Arizona State,"March 2-3, 2024",Fundamental Regatta,FJ,2 Divisions
s24/,mcmerrick-cup-sunday,Roger Williams,"March 3, 2024",Regional Regatta,FJ,Team
s24/,harvard-women-team-race,Harvard,"March 2-3, 2024",Regional Regatta,FJ/Z420,Team
s24/,garner-tullis,Tulane,"March 2-3, 2024",Regional Regatta,FJ,Team
s24/,tom-noble-open-team-race,Washington College,"March 2-3, 2024",Regional Regatta,FJ,Team
s24/,navy-team-race-invite,Navy,"March 2-3, 2024",Regional Regatta,FJ,Team
s24/,dc-team-race-gw,George Washington,"March 2-3, 2024",Regional Regatta,FJ/Z420,Team
s24/,dc-team-race-gtn,Georgetown,"March 2-3, 2024",Regional Regatta,FJ,Team
s24/,mcintyre-team-race,Stanford,"March 2-3, 2024",Cross Regional Regatta,FJ,Team
s24/,odu-women-team-race,Old Dominion,"March 2-3, 2024",Cross Regional Regatta,FJ,Team
s24/,phebe-corckran-king-women-team-race,Charleston,"March 2-3, 2024",Cross Regional Regatta,420,Team
s24/,tiger-town,Clemson,"March 10, 2024",Fundamental Regatta,420,2 Divisions
s24/,salve-regina-team-race-invite,Salve Regina,"March 10, 2024",Fundamental Regatta,FJ,Team
s24/,2024-icebreaker-fleet-race,Tufts,"March 10, 2024",Fundamental Regatta,Lark,2 Divisions
s24/,franny-charles-women-team-race,MIT,"March 9, 2024",Fundamental Regatta,FJ,Team
s24/,tiger-2v2-team-race,Princeton,"March 9-10, 2024",Fundamental Regatta,420,Team
s24/,jacksonville,Jacksonville,"March 9, 2024",Fundamental Regatta,420,2 Divisions
s24/,cnu-women,Christopher Newport,"March 9, 2024",Regional Regatta,FJ,Combined
s24/,st-francis-invite,UC Santa Cruz,"March 9-10, 2024",Regional Regatta,FJ,2 Divisions
s24/,turner-team-race,Citadel,"March 9, 2024",Regional Regatta,420,Team
s24/,john-jackson-team-race,Georgetown,"March 9-10, 2024",Cross Regional Regatta,FJ,Team
s24/,jen-harris-women-team-race,Navy,"March 9-10, 2024",Cross Regional Regatta,420/FJ,Team
s24/,wood,Harvard,"March 9-10, 2024",Cross Regional Regatta,FJ/Z420,Team
s24/,st-mary-team-race-inter-conference,St. Mary's,"March 9-10, 2024",Cross Regional Regatta,420/FJ,Team
s24/,bob-bavier,Charleston,"March 9-10, 2024",Cross Regional Regatta,420/FJ,Team
s24/,port-los-angeles-harbor-cup,Cal Maritime,"March 8-10, 2024",Cross Regional Regatta,Catalina 37,1 Division
s24/,central,Mass Maritime,"March 17, 2024",Fundamental Regatta,FJ,2 Divisions
s24/,ivan-gieger-team-race,MIT,"March 16-17, 2024",Fundamental Regatta,420/FJ,Team
s24/,bud-morrow-cup,Rollins,"March 16, 2024",Fundamental Regatta,FJ,2 Divisions
s24/,bow-to-stern,North Carolina State,"March 16, 2024",Fundamental Regatta,FJ,Combined
s24/,sea-to-sky,Victoria,"March 16-17, 2024",Fundamental Regatta,FJ,2 Divisions
s24/,washington-open-team-race,Washington College,"March 16-17, 2024",Regional Regatta,FJ,Team
s24/,sunshine-city-team-race-eckerd-top,Eckerd,"March 17, 2024",Cross Regional Regatta,420,Team
s24/,sunshine-city-team-race-usf-next,South Florida,"March 17, 2024",Cross Regional Regatta,FJ,Team
s24/,women-snetr,Connecticut College,"March 16-17, 2024",Cross Regional Regatta,420/FJ,Team
s24/,sunshine-city-team-race-eckerd,Eckerd,"March 16, 2024",Cross Regional Regatta,420,Team
s24/,st-mary-women-inter-conference,St. Mary's,"March 16-17, 2024",Cross Regional Regatta,420,2 Divisions
s24/,south-ne-team-race,Connecticut College,"March 16-17, 2024",Cross Regional Regatta,FJ,Team
s24/,graham-hall-team-race,Navy,"March 16-17, 2024",Cross Regional Regatta,420/FJ,Team
s24/,sunshine-city-team-race-usf,South Florida,"March 16, 2024",Cross Regional Regatta,FJ,Team
s24/,saisa-spring-women-top-18,Rollins,"March 24, 2024",Fundamental Regatta,FJ,Combined
s24/,bu-team-race,Boston University,"March 23, 2024",Fundamental Regatta,FJ,Team
s24/,pccsc-south-designate-semis,Southern Cal,"March 23-24, 2024",Fundamental Regatta,FJ,2 Divisions
s24/,2024-carolina,Wake Forest,"March 23, 2024",Fundamental Regatta,420,2 Divisions
s24/,tag-2024,Tennessee,"March 23, 2024",Fundamental Regatta,420,2 Divisions
s24/,otoole-saturday-fr,Mass Maritime,"March 23, 2024",Fundamental Regatta,FJ,2 Divisions
s24/,1st-year-icebreaker,Notre Dame,"March 23-24, 2024",Fundamental Regatta,420,2 Divisions
s24/,florida,Rollins,"March 23, 2024",Fundamental Regatta,FJ,2 Divisions
s24/,princeton-spring-open,Princeton,"March 24, 2024",Regional Regatta,420,2 Divisions
s24/,cga-j70-invite,Coast Guard,"March 23-24, 2024",Regional Regatta,J-70,1 Division
s24/,hanbury,Christopher Newport,"March 23-24, 2024",Regional Regatta,420/FJ,2 Divisions
s24/,63rd-jan-friis-team-race,Roger Williams,"March 23-24, 2024",Cross Regional Regatta,FJ,Team
s24/,admiral-moore-open-team-race,NY Maritime,"March 23-24, 2024",Cross Regional Regatta,420,Team
s24/,seahawk-women-team-race,St. Mary's,"March 23-24, 2024",Cross Regional Regatta,420/FJ,Team
s24/,duplin,Harvard,"March 23-24, 2024",Cross Regional Regatta,FJ/Z420,Team
s24/,aaron-szambecki-team-race,Old Dominion,"March 23-24, 2024",Cross Regional Regatta,FJ/Z420,Team
s24/,spring-open,William and Mary,"March 30-31, 2024",Fundamental Regatta,Z420,2 Divisions
s24/,boston-fr,Boston University,"March 30, 2024",Fundamental Regatta,FJ,2 Divisions
s24/,staake,Bowdoin,"March 30, 2024",Fundamental Regatta,420,Team
s24/,stony-brook-cup-brendan-brown-mccue,Stony Brook,"March 30-31, 2024",Fundamental Regatta,FJ,2 Divisions
s24/,salve-regina-saturday-fr-invite,Salve Regina,"March 30, 2024",Fundamental Regatta,FJ,2 Divisions
s24/,jumbo-team-race,Tufts,"March 30-31, 2024",Fundamental Regatta,FJ/Lark,Team
s24/,mccarthy-cup-team-race,Texas,"March 30, 2024",Fundamental Regatta,420,Team
s24/,island-cup,Western Washington,"March 30-31, 2024",Fundamental Regatta,FJ/Vanguard 15,Team
s24/,bulldogs-tigers-palmetto-state-showdown-team-race,Citadel,"March 30, 2024",Fundamental Regatta,FJ,Team
s24/,saisa-south-team-race,South Florida,"March 30, 2024",Fundamental Regatta,FJ,Team
s24/,vietor,Connecticut College,"March 30-31, 2024",Regional Regatta,420,2 Divisions
s24/,2024-cga-j70-invite,Coast Guard,"March 30-31, 2024",Regional Regatta,J-70,1 Division
s24/,callahan-team-race,Roger Williams,"March 30, 2024",Regional Regatta,FJ,Team
s24/,dellenbaugh-women-team-race,Brown,"March 30-31, 2024",Cross Regional Regatta,420/FJ,Team
s24/,41st-cardinal-red-lynne-marchiando,MIT,"March 30-31, 2024",Cross Regional Regatta,420/FJ,Team
s24/,41st-silver-grey-lynne-marchiando,MIT,"March 30-31, 2024",Cross Regional Regatta,420/FJ,Team
s24/,maisa-spring-women-fleet-race,Hobart & William,"March 30-31, 2024",Conference Championship Regatta,420,2 Divisions
s24/,sunday-south-fleet-race,Rhode Island,"April 7, 2024",Fundamental Regatta,FJ,Combined
s24/,bowdoin-women-team-race,Bowdoin,"April 6, 2024",Fundamental Regatta,420/FJ,Team
s24/,anteater-jv,UC Irvine,"April 6-7, 2024",Fundamental Regatta,FJ,2 Divisions
s24/,duckling,Oregon,"April 6-7, 2024",Fundamental Regatta,FJ,2 Divisions
s24/,anteater-open-varsity,UC Irvine,"April 6-7, 2024",Fundamental Regatta,FJ,2 Divisions
s24/,saturday-south-fleet-race,Rhode Island,"April 6, 2024",Fundamental Regatta,FJ,Combined
s24/,alymers-team-race-invite,Mass Maritime,"April 6-7, 2024",Fundamental Regatta,FJ,Team
s24/,mystic-lake-team-race,Tufts,"April 6-7, 2024",Fundamental Regatta,FJ/Lark,Team
s24/,ocean-county-spring-open,Ocean County,"April 6-7, 2024",Fundamental Regatta,420,2 Divisions
s24/,buckeye-invitational-sp-24,Ohio State,"April 6-7, 2024",Fundamental Regatta,420,2 Divisions
s24/,jeremy-pinkerton,Maryland,"April 6-7, 2024",Fundamental Regatta,FJ,2 Divisions
s24/,new-england-dinghy-tournament,Salve Regina,"April 6-7, 2024",Regional Regatta,FJ,Combined
s24/,2024-j70-invite,Coast Guard,"April 6-7, 2024",Regional Regatta,J-70,1 Division
s24/,yale-women-team-race,Yale,"April 6-7, 2024",Cross Regional Regatta,420/FJ,Team
s24/,wick-womens-event,Connecticut College,"April 6-7, 2024",Cross Regional Regatta,420,2 Divisions
s24/,pccsc-women-fleet-race,UC San Diego,"April 7, 2024",Conference Championship Regatta,FJ,2 Divisions
s24/,seisa-open-team-racing,Texas,"April 6, 2024",Conference Championship Regatta,420,Team
s24/,seisa-women-team-race,Texas,"April 6, 2024",Conference Championship Regatta,420,Team
s24/,pccsc-women-team-race,UC San Diego,"April 6, 2024",Conference Championship Regatta,FJ,Team
s24/,neisa-open-team-race-fowle,Brown,"April 6-7, 2024",Conference Championship Regatta,420/FJ,Team
s24/,prosser,Old Dominion,"April 6-7, 2024",Conference Championship Regatta,FJ/Z420,Team
s24/,saisa-spring-open-championships-tillman,Charleston,"April 6-7, 2024",Conference Championship Regatta,FJ,2 Divisions
s24/,seisa-open-fleet,Texas,"April 6, 2024",Conference Championship Regatta,420,Combined
s24/,mcsa-open-fleet-race-qualifier,Michigan,"April 6-7, 2024",Conference Championship Regatta,420,2 Divisions
s24/,seisa-women-fleet,Texas,"April 5, 2024",Conference Championship Regatta,420,Combined
s24/,saisa-spring-team-race-championships,Charleston,"April 5-6, 2024",Conference Championship Regatta,420,Team
s24/,mcsa-open-team-race-qualifier,Michigan,"April 5-6, 2024",Conference Championship Regatta,420,Team
s24/,central-unh,New Hampshire,"April 14, 2024",Fundamental Regatta,FJ,2 Divisions
s24/,hoosier-legal-guardian,Indiana,"April 13-14, 2024",Fundamental Regatta,420,2 Divisions
s24/,grant,Hampton,"April 13-14, 2024",Fundamental Regatta,FJ,2 Divisions
s24/,laker-showdown,Grand Valley State,"April 13-14, 2024",Fundamental Regatta,420,2 Divisions
s24/,owen,Tufts,"April 13, 2024",Regional Regatta,Lark,Combined
s24/,2024-azalea-bowl,North Carolina State/UNC Wilmington,"April 13-14, 2024",Regional Regatta,420,2 Divisions
s24/,oberg,Northeastern,"April 13-14, 2024",Regional Regatta,420,3 Divisions
s24/,thompson-cga,Coast Guard,"April 13-14, 2024",Cross Regional Regatta,FJ,Team
s24/,thompson-camel-site,Connecticut College,"April 13-14, 2024",Cross Regional Regatta,FJ,Team
s24/,truxtun-umstead,NY Maritime,"April 13-14, 2024",Cross Regional Regatta,420/FJ,2 Divisions
s24/,maisa-women-team-race-championships,St. Mary's,"April 13-14, 2024",Conference Championship Regatta,FJ,Team
s24/,carter-ford-open-pccsc-team-race,Stanford,"April 13, 2024",Conference Championship Regatta,FJ,Team
s24/,2024-legler,Harvard,"April 13-14, 2024",Conference Championship Regatta,FJ/Z420,Team
s24/,mcsa-women-fleet-race,Wisconsin,"April 13-14, 2024",Conference Championship Regatta,420,2 Divisions
s24/,saisa-spring-women-boyd,Jacksonville,"April 13-14, 2024",Conference Championship Regatta,FJ,Combined
s24/,saisa-spring-women-team-race-championships,Jacksonville,"April 12, 2024",Conference Championship Regatta,FJ,Team
s24/,mcsa-women-team-race,Wisconsin,"April 12, 2024",Conference Championship Regatta,420,Team
s24/,mendums-invite,New Hampshire,"April 21, 2024",Fundamental Regatta,FJ,2 Divisions
s24/,hammer-showdown,Purdue,"April 20-21, 2024",Fundamental Regatta,420,2 Divisions
s24/,delaware-spring-open,Delaware,"April 20-21, 2024",Fundamental Regatta,FJ,2 Divisions
s24/,corpus-christi-spring-open,Texas A&M C. Christ,"April 20-21, 2024",Fundamental Regatta,Z420,2 Divisions
s24/,rochester-club-open,U. Rochester,"April 20, 2024",Fundamental Regatta,420,2 Divisions
s24/,2024-sailpack-oriental-intercollegiate,North Carolina State,"April 20-21, 2024",Regional Regatta,FJ,2 Divisions
s24/,gw-invitational,George Washington,"April 20, 2024",Regional Regatta,420,Combined
s24/,b10-team-race,Michigan,"April 20-21, 2024",Regional Regatta,FJ,Team
s24/,boston-dinghy-club-challenge-cup,Harvard,"April 20-21, 2024",Cross Regional Regatta,FJ,3 Divisions
s24/,george-morris,Boston University,"April 20-21, 2024",Cross Regional Regatta,FJ,2 Divisions
s24/,neisa-open-dinghy-cg-alumni-bowl,Brown,"April 20-21, 2024",Conference Championship Regatta,FJ,2 Divisions
s24/,mark-healy-pccsc-open-conference,UC Santa Barbara,"April 20-21, 2024",Conference Championship Regatta,FJ,2 Divisions
s24/,women-new-england-fleet-race,Bowdoin,"April 20-21, 2024",Conference Championship Regatta,FJ,2 Divisions
s24/,america-conference,NY Maritime,"April 20-21, 2024",Conference Championship Regatta,420/FJ,2 Divisions
s24/,wesleyan-invite,Wesleyan,"April 28, 2024",Fundamental Regatta,FJ,2 Divisions
s24/,little-three,Middlebury,"April 27, 2024",Fundamental Regatta,FJ,2 Divisions
s24/,south-series,Boston University,"April 27, 2024",Fundamental Regatta,FJ,Combined
s24/,cream-city-classic,Marquette,"April 27-28, 2024",Fundamental Regatta,420,2 Divisions
s24/,arrigan,Georgetown,"April 26, 2024",Fundamental Regatta,FJ,1 Division
s24/,sailing-regional-teams,New Hampshire,"April 27-28, 2024",Regional Regatta,FJ,Combined
s24/,rainier-cup,Western Washington,"April 27-28, 2024",Cross Regional Regatta,FJ,2 Divisions
s24/,admiral-cup,Kings Point,"April 27-28, 2024",Cross Regional Regatta,420/FJ,2 Divisions
s24/,icsa-women-team-race-national,Harvard/MIT,"April 28-29, 2024",National Championship Finals Regatta,420/FJ,Team
s24/,icsa-open-team-racing-national,Harvard/MIT,"April 25-27, 2024",National Championship Finals Regatta,420/FJ,Team
s24/,drexel-open,Drexel,"May 4-5, 2024",Fundamental Regatta,FJ,2 Divisions
s24/,nu-spring,Northwestern,"May 4-5, 2024",Regional Regatta,420,2 Divisions
s24/,engineer-cup-open,Webb Institute,"May 11-12, 2024",Fundamental Regatta,420,2 Divisions
s24/,gorge-invite,Western Washington,"May 11-12, 2024",Regional Regatta,FJ,2 Divisions
s24/,kiara-broudy,UC Santa Cruz,"May 18-19, 2024",Fundamental Regatta,FJ,2 Divisions
s24/,east-open-national-semi-final,Harvard/MIT,"May 24-25, 2024",National Championship Semifina Regatta,420,2 Divisions
s24/,west-open-national-semi-finals,Harvard/MIT,"May 24-25, 2024",National Championship Semifina Regatta,420,2 Divisions
s24/,west-womens-national-semi-finals,Harvard,"May 20-21, 2024",National Championship Semifina Regatta,420,2 Divisions
s24/,east-national-women-semi-final,Harvard/MIT,"May 20-21, 2024",National Championship Semifina Regatta,420,2 Divisions
s24/,open-dinghy-national,Harvard/MIT,"May 26-27, 2024",National Championship Finals Regatta,420,2 Divisions
s24/,women-dinghy-national,MIT,"May 22-23, 2024",National Championship Finals Regatta,420,2 Divisions
f24/,maisa-northeast-series,Stony Brook,"September 8, 2024",Fundamental Regatta,FJ,Combined
f24/,bears-invite,Brown,"September 7, 2024",Fundamental Regatta,FJ,1 Division
f24/,harman-cup,Maine Maritime,"September 7-8, 2024",Fundamental Regatta,Colgate 26,1 Division
f24/,penobscot-bay-open,Maine Maritime,"September 7-8, 2024",Fundamental Regatta,420,Combined
f24/,charles-invitational,Harvard,"September 7, 2024",Fundamental Regatta,Z420,Combined
f24/,harvard-invitational,Harvard,"September 7, 2024",Fundamental Regatta,Z420,Combined
f24/,2024-pine,Coast Guard,"September 7-8, 2024",Fundamental Regatta,J-70,1 Division
f24/,harry-anderson-jr,Yale,"September 7-8, 2024",Fundamental Regatta,FJ,2 Divisions
f24/,mt-hope-bay-invite,Roger Williams,"September 7-8, 2024",Fundamental Regatta,FJ,1 Division
f24/,saisa-south-fall-tournament,Palm Beach Atlantic,"September 7, 2024",Fundamental Regatta,FJ,2 Divisions
f24/,saisa-north-fall-tournament,Citadel,"September 7, 2024",Fundamental Regatta,FJ,2 Divisions
f24/,saisa-top-invite,South Florida,"September 7-8, 2024",Fundamental Regatta,420,Combined
f24/,women-kp-invite,Kings Point,"September 7-8, 2024",Fundamental Regatta,FJ,Combined
f24/,central-series,Washington College,"September 7-8, 2024",Fundamental Regatta,FJ,Combined
f24/,toni-duetsch-58-2024,MIT,"September 7-8, 2024",Fundamental Regatta,420,2 Divisions
f24/,kp-open-invite,Kings Point,"September 7-8, 2024",Fundamental Regatta,Z420,Combined
f24/,laser-south,Navy,"September 7-8, 2024",Fundamental Regatta,Laser,Singlehanded
f24/,laser-north,Kings Point,"September 7-8, 2024",Fundamental Regatta,Laser,Singlehanded
f24/,ccyc-fall-open,Texas A&M C. Christ,"September 7-8, 2024",Fundamental Regatta,420,Combined
f24/,riley-cup,Old Dominion,"September 7-8, 2024",Fundamental Regatta,FJ,2 Divisions
f24/,navy-women,Navy,"September 7-8, 2024",Fundamental Regatta,420,Combined
f24/,fall-fury,Wisconsin,"September 7-8, 2024",Regional Regatta,420,2 Divisions
f24/,usf,South Florida,"September 15, 2024",Fundamental Regatta,FJ,2 Divisions
f24/,ashley-river,Citadel,"September 15, 2024",Fundamental Regatta,420,2 Divisions
f24/,donaghy-bowl,U. Connecticut,"September 15, 2024",Fundamental Regatta,FJ,2 Divisions
f24/,kingsmill-cup,William and Mary,"September 14-15, 2024",Fundamental Regatta,Z420,2 Divisions
f24/,barnett,Bowdoin,"September 14, 2024",Fundamental Regatta,420,2 Divisions
f24/,regis,Boston University,"September 14, 2024",Fundamental Regatta,FJ,2 Divisions
f24/,coast-guard-invite,Coast Guard,"September 14, 2024",Fundamental Regatta,420,1 Division
f24/,saisa-south-top-invite,South Florida,"September 14, 2024",Fundamental Regatta,420,Combined
f24/,susan-rogers-women-invite,Cornell,"September 14-15, 2024",Fundamental Regatta,420,Combined
f24/,saisa-north-top-invite,Charleston,"September 14, 2024",Fundamental Regatta,420,Combined
f24/,battle-lake-erie,Penn State Behrend,"September 14-15, 2024",Fundamental Regatta,420,2 Divisions
f24/,chesapeake-open,Navy,"September 14-15, 2024",Fundamental Regatta,FJ,Combined
f24/,coho,Webb Institute,"September 14-15, 2024",Fundamental Regatta,420,2 Divisions
f24/,jack-boehringer-52-open-invite,Cornell,"September 14-15, 2024",Fundamental Regatta,420,Combined
f24/,buckeye-invite,Ohio State,"September 14-15, 2024",Fundamental Regatta,420,2 Divisions
f24/,hatch-brown-2024,MIT,"September 14, 2024",Fundamental Regatta,420,3 Divisions
f24/,chesapeake-invitational,Navy,"September 14-15, 2024",Fundamental Regatta,420,Combined
f24/,john-quinn,Monmouth,"September 14-15, 2024",Fundamental Regatta,FJ,2 Divisions
f24/,shields,Navy,"September 14-15, 2024",Cross Regional Regatta,Navy 44,1 Division
f24/,seisa-singlehand-women,Texas,"September 15, 2024",Conference Championship Regatta,Laser,Singlehanded
f24/,seisa-singlehand-open,Texas,"September 15, 2024",Conference Championship Regatta,Laser,Singlehanded
f24/,saisa-open-singlehanded-champs,Jacksonville,"September 14-15, 2024",Conference Championship Regatta,Laser,Singlehanded
f24/,neisa-women-singlehanded,Brown,"September 14-15, 2024",Conference Championship Regatta,Radial,Singlehanded
f24/,montotype-neisa-open-singlehanded-champs,Brown,"September 14-15, 2024",Conference Championship Regatta,Laser,Singlehanded
f24/,mcsa-open-singlehanded-qualifier,Chicago,"September 14-15, 2024",Conference Championship Regatta,Laser,Singlehanded
f24/,mcsa-women-singlehanded,Chicago,"September 14-15, 2024",Conference Championship Regatta,Laser,Singlehanded
f24/,faye-bennet-maisa-women-singles,Navy,"September 14-15, 2024",Conference Championship Regatta,Radial,Singlehanded
f24/,saisa-women-singlehanded-champs,Jacksonville,"September 14, 2024",Conference Championship Regatta,Laser,Singlehanded
f24/,seisa-match-race,Texas,"September 14, 2024",Conference Championship Regatta,J-22,1 Division
